/*
SQLyog Ultimate v12.08 (32 bit)
MySQL - 5.5.61 : Database - 教务管理系统
*********************************************************************
*/

/*!40101 SET NAMES utf8 */;

/*!40101 SET SQL_MODE=''*/;

/*!40014 SET @OLD_UNIQUE_CHECKS=@@UNIQUE_CHECKS, UNIQUE_CHECKS=0 */;
/*!40014 SET @OLD_FOREIGN_KEY_CHECKS=@@FOREIGN_KEY_CHECKS, FOREIGN_KEY_CHECKS=0 */;
/*!40101 SET @OLD_SQL_MODE=@@SQL_MODE, SQL_MODE='NO_AUTO_VALUE_ON_ZERO' */;
/*!40111 SET @OLD_SQL_NOTES=@@SQL_NOTES, SQL_NOTES=0 */;
CREATE DATABASE /*!32312 IF NOT EXISTS*/`教务管理系统` /*!40100 DEFAULT CHARACTER SET gbk */;

USE `教务管理系统`;

/*Table structure for table `专业` */

DROP TABLE IF EXISTS `专业`;

CREATE TABLE `专业` (
  `专业号` char(9) NOT NULL,
  `专业名` varchar(100) DEFAULT NULL,
  `专业主任` varchar(100) DEFAULT NULL,
  PRIMARY KEY (`专业号`)
) ENGINE=InnoDB DEFAULT CHARSET=gbk;

/*Data for the table `专业` */

/*Table structure for table `专业表` */

DROP TABLE IF EXISTS `专业表`;

CREATE TABLE `专业表` (
  `专业号` char(11) NOT NULL DEFAULT '',
  `专业名` char(11) DEFAULT NULL,
  `专业主任` char(11) DEFAULT NULL,
  PRIMARY KEY (`专业号`)
) ENGINE=InnoDB DEFAULT CHARSET=gbk;

/*Data for the table `专业表` */

insert  into `专业表`(`专业号`,`专业名`,`专业主任`) values ('Z1','计算机科学与技术','赵军'),('Z2','信息管理与信息系统','王旭良'),('Z3','物联网工程','李曼韬');

/*Table structure for table `名表` */

DROP TABLE IF EXISTS `名表`;

CREATE TABLE `名表` (
  `id` int(11) DEFAULT NULL,
  `名` varchar(4) DEFAULT NULL
) ENGINE=InnoDB DEFAULT CHARSET=gbk;

/*Data for the table `名表` */

insert  into `名表`(`id`,`名`) values (1,'阿晨'),(2,'阿明'),(3,'安达'),(4,'安海'),(5,'安洪'),(6,'安洁'),(7,'安强'),(8,'安松'),(9,'安阳'),(10,'安勇'),(11,'傲'),(12,'柏林'),(13,'宝明'),(14,'贝加'),(15,'贝琦'),(16,'蓓瑶'),(17,'壁岑'),(18,'彬铖'),(19,'彬境'),(20,'彬涛'),(21,'彬学'),(22,'冰晶'),(23,'冰雁'),(24,'波'),(25,'铂钦'),(26,'博雷'),(27,'博仁'),(28,'博扬'),(29,'才伟'),(30,'彩慧'),(31,'彩妮'),(32,'昌炳'),(33,'昌辉'),(34,'昌裕'),(35,'长琴'),(36,'长思'),(37,'长文'),(38,'长欣'),(39,'畅昶'),(40,'超想'),(41,'朝科'),(42,'朝仁'),(43,'朝扬'),(44,'朝杨'),(45,'潮泽'),(46,'琛彦'),(47,'陈诚'),(48,'成'),(49,'成栋'),(50,'成蛟'),(51,'成钰'),(52,'成源'),(53,'成志'),(54,'承诩'),(55,'冲'),(56,'楚月'),(57,'楚云'),(58,'川文'),(59,'春坚'),(60,'春葵'),(61,'椿凌'),(62,'纯婧'),(63,'翠'),(64,'翠瑶'),(65,'达铖'),(66,'达利'),(67,'达显'),(68,'大亨'),(69,'代秀'),(70,'岱铭'),(71,'丹宁'),(72,'丹云'),(73,'得祥'),(74,'德昌'),(75,'德华'),(76,'德祥'),(77,'德义'),(78,'登勇'),(79,'迪泥'),(80,'荻秋'),(81,'帝雯'),(82,'帝尧'),(83,'丁峰'),(84,'丁艺'),(85,'顶亮'),(86,'定财'),(87,'东伶'),(88,'东琴'),(89,'冬利'),(90,'笃珊'),(91,'恩彪'),(92,'恩姝'),(93,'恩熙'),(94,'凡居'),(95,'凡雨'),(96,'芳'),(97,'芳芳'),(98,'芳宇'),(99,'芳圆'),(100,'芳悦'),(101,'飞'),(102,'飞燕'),(103,'飞益'),(104,'菲'),(105,'峰屹'),(106,'凤君'),(107,'凤兰'),(108,'芙容'),(109,'福天'),(110,'富贵'),(111,'富梅'),(112,'富言'),(113,'刚杰'),(114,'高昂'),(115,'庚华'),(116,'龚坤'),(117,'光'),(118,'光新'),(119,'光宇'),(120,'广龙'),(121,'贵丰'),(122,'桂华'),(123,'桂林'),(124,'桂爽'),(125,'郭旭'),(126,'国栋'),(127,'国情'),(128,'国秋'),(129,'国洋'),(130,'海冰'),(131,'海波'),(132,'海地'),(133,'海健'),(134,'海浪'),(135,'海量'),(136,'海林'),(137,'海翔'),(138,'含'),(139,'涵琪'),(140,'涵睿'),(141,'涵子'),(142,'寒梅'),(143,'汉冲'),(144,'汉涛'),(145,'菡'),(146,'杭'),(147,'航民'),(148,'航宇'),(149,'豪爽'),(150,'昊龙'),(151,'昊森'),(152,'浩'),(153,'浩茗'),(154,'浩然'),(155,'浩桐'),(156,'浩译'),(157,'浩元'),(158,'皓川'),(159,'恒一'),(160,'恒祯'),(161,'弘靖'),(162,'红根'),(163,'红亮'),(164,'红霖'),(165,'红秋'),(166,'红燕'),(167,'宏阳'),(168,'宏雨'),(169,'宏远'),(170,'洪波'),(171,'洪迪'),(172,'洪兰'),(173,'洪艳'),(174,'洪忆'),(175,'虹霏'),(176,'虹廷'),(177,'鸿杰'),(178,'鸿鑫'),(179,'鸿阳'),(180,'鸿章'),(181,'侯彬'),(182,'华'),(183,'华瑰'),(184,'华玉'),(185,'华征'),(186,'怀斌'),(187,'焕翔'),(188,'辉茗'),(189,'会姣'),(190,'惠清'),(191,'惠薷'),(192,'惠芝'),(193,'慧妮'),(194,'慧珍'),(195,'慧之'),(196,'极'),(197,'纪宏'),(198,'季糠'),(199,'季纭'),(200,'继浩'),(201,'继迁'),(202,'继琴'),(203,'继贤'),(204,'霁轩'),(205,'加新'),(206,'佳壕'),(207,'佳蕾'),(208,'佳丽'),(209,'佳林'),(210,'佳龙'),(211,'佳曼'),(212,'佳威'),(213,'家波'),(214,'家柠'),(215,'家萍'),(216,'家祺'),(217,'家锐'),(218,'家玮'),(219,'家欣'),(220,'家源'),(221,'家越'),(222,'傢月'),(223,'嘉华'),(224,'嘉辉'),(225,'嘉伦'),(226,'嘉勉'),(227,'嘉淇'),(228,'嘉舜'),(229,'嘉芯'),(230,'建钗'),(231,'建川'),(232,'建君'),(233,'建均'),(234,'健一'),(235,'江明'),(236,'蛟娇'),(237,'杰'),(238,'杰轮'),(239,'结'),(240,'金凤'),(241,'金莲'),(242,'金平'),(243,'金桃'),(244,'金婷'),(245,'金蔚'),(246,'金燕'),(247,'金玉'),(248,'津明'),(249,'瑾璇'),(250,'劲邦'),(251,'进'),(252,'进良'),(253,'晋仕'),(254,'晋莹'),(255,'京玲'),(256,'晶鑫'),(257,'晶瑶'),(258,'鲸泳'),(259,'婧月'),(260,'敬霞'),(261,'敬宇'),(262,'靖璇'),(263,'靖宗'),(264,'静华'),(265,'静维'),(266,'静远'),(267,'镜南'),(268,'九士'),(269,'九洲'),(270,'娟娟'),(271,'鹃'),(272,'绢'),(273,'军'),(274,'军辉'),(275,'君'),(276,'君兰'),(277,'君如'),(278,'均林'),(279,'筠菡'),(280,'俊博'),(281,'俊晨'),(282,'俊承'),(283,'俊龙'),(284,'俊宁'),(285,'俊森'),(286,'俊圩'),(287,'俊烨'),(288,'俊英'),(289,'珺涵'),(290,'珺瑶'),(291,'竣尧'),(292,'竣智'),(293,'开朗'),(294,'开明'),(295,'凯强'),(296,'凯芮'),(297,'楷辉'),(298,'康乐'),(299,'苛政'),(300,'柯'),(301,'柯星'),(302,'柯佚'),(303,'科辰'),(304,'科燕'),(305,'可钦'),(306,'孔杰'),(307,'圹野'),(308,'奎钢'),(309,'坤铸'),(310,'来宾'),(311,'兰平'),(312,'澜清'),(313,'琅'),(314,'浪子'),(315,'乐嘉'),(316,'乐怡'),(317,'乐忆'),(318,'磊罡'),(319,'莉冰'),(320,'莉莉'),(321,'李杰'),(322,'理思'),(323,'力中'),(324,'立津'),(325,'立君'),(326,'丽红'),(327,'丽珲'),(328,'丽苹'),(329,'丽容'),(330,'丽宇'),(331,'利梅'),(332,'利娜'),(333,'俐珩'),(334,'俪楠'),(335,'连骐'),(336,'炼晖'),(337,'炼榆'),(338,'良斌'),(339,'良滔'),(340,'良伟'),(341,'良勇'),(342,'亮'),(343,'亮宇'),(344,'廖伟'),(345,'烈梅'),(346,'林翰'),(347,'林洪'),(348,'林颖'),(349,'林针'),(350,'琳珂'),(351,'琳颖'),(352,'玲敏'),(353,'玲钰'),(354,'铃慧'),(355,'陵尧'),(356,'令'),(357,'刘学'),(358,'留佳'),(359,'柳'),(360,'柳倩'),(361,'柳青'),(362,'柳舟'),(363,'龙川'),(364,'龙涛'),(365,'珑环'),(366,'露'),(367,'露露'),(368,'芦扬'),(369,'禄东'),(370,'禄鹏'),(371,'璐懋'),(372,'绿'),(373,'伦嘎'),(374,'伦祥'),(375,'麦新'),(376,'曼'),(377,'曼江'),(378,'曼涛'),(379,'茂华'),(380,'茂辉'),(381,'茂莲'),(382,'茂秋'),(383,'茂全'),(384,'茂珊'),(385,'茂余'),(386,'梅慧'),(387,'湄凤'),(388,'美嘉'),(389,'美梅'),(390,'媄麟'),(391,'朦朦'),(392,'朦倩'),(393,'蒙恩'),(394,'蒙蒙'),(395,'孟初'),(396,'孟娟'),(397,'孟明'),(398,'孟芮'),(399,'孟廷'),(400,'梦标'),(401,'梦婵'),(402,'梦儿'),(403,'梦娇'),(404,'梦可'),(405,'梦梦'),(406,'梦圆'),(407,'迷'),(408,'敏婕'),(409,'敏兰'),(410,'明春'),(411,'明富'),(412,'明国'),(413,'明华'),(414,'明亮'),(415,'明澍'),(416,'明源'),(417,'明越'),(418,'茗琦'),(419,'铭睿'),(420,'默'),(421,'默然'),(422,'沐'),(423,'沐源'),(424,'牧晓'),(425,'钠姝'),(426,'男'),(427,'南芳'),(428,'南杰'),(429,'柟'),(430,'难洁'),(431,'能昌'),(432,'能平'),(433,'能学'),(434,'妮帆'),(435,'念祥'),(436,'宁馨'),(437,'泞君'),(438,'钕承'),(439,'偶'),(440,'培娟'),(441,'培柱'),(442,'沛铖'),(443,'沛晗'),(444,'沛然'),(445,'沛文'),(446,'沛沄'),(447,'佩婧'),(448,'朋强'),(449,'蓬瑞'),(450,'鹏傲'),(451,'鹏达'),(452,'平'),(453,'平川'),(454,'璞'),(455,'璞君'),(456,'其勇'),(457,'奇莹'),(458,'琦珈'),(459,'琪其'),(460,'琪云'),(461,'祺皓'),(462,'麒媛'),(463,'启惠'),(464,'啟飞'),(465,'茜'),(466,'茜文'),(467,'倩明'),(468,'强林'),(469,'侨敏'),(470,'钦钦'),(471,'勤波'),(472,'沁杰'),(473,'青鹤'),(474,'青岚'),(475,'青梅'),(476,'倾城'),(477,'清诚'),(478,'清孟'),(479,'清文'),(480,'清永'),(481,'庆龙'),(482,'庆威'),(483,'庆禹'),(484,'琼'),(485,'琼枝'),(486,'秋成'),(487,'秋焕'),(488,'秋捷'),(489,'秋瑾'),(490,'秋恋'),(491,'秋茹'),(492,'秋胜'),(493,'秋雪'),(494,'秋渝'),(495,'秋余'),(496,'秋雨'),(497,'秋媛'),(498,'秋悦'),(499,'群芳'),(500,'群梅'),(501,'苒苒'),(502,'娆'),(503,'仁浩'),(504,'仁文'),(505,'荣虎'),(506,'荣华'),(507,'荣明'),(508,'荣曜'),(509,'榕雪'),(510,'茹'),(511,'儒凡'),(512,'入华'),(513,'芮岑'),(514,'芮松'),(515,'瑞丹'),(516,'瑞谦'),(517,'睿迪'),(518,'闰'),(519,'润尧'),(520,'若桦'),(521,'若挺'),(522,'若雯'),(523,'若昕'),(524,'若妤'),(525,'赛娇'),(526,'山行'),(527,'杉舟'),(528,'善菊'),(529,'尚'),(530,'少毫'),(531,'少帅'),(532,'绍杰'),(533,'绍民'),(534,'侁'),(535,'珅皞'),(536,'胜男'),(537,'胜曙'),(538,'圣杰'),(539,'圣铭'),(540,'盛焕'),(541,'盛君'),(542,'盛智'),(543,'师影'),(544,'诗迪'),(545,'诗琪'),(546,'诗琴'),(547,'诗怡'),(548,'诗羽'),(549,'实玉'),(550,'世衡'),(551,'世秀'),(552,'世震'),(553,'仕炜'),(554,'仕譞'),(555,'仕友'),(556,'守金'),(557,'书杰'),(558,'书山'),(559,'书阳'),(560,'书竹'),(561,'姝榕'),(562,'淑娇'),(563,'淑龙'),(564,'淑棋'),(565,'疏航'),(566,'舒晗'),(567,'术青'),(568,'树辉'),(569,'树人'),(570,'顺娟'),(571,'思楚'),(572,'思凡'),(573,'思立'),(574,'思潼'),(575,'思玮'),(576,'思莹'),(577,'斯瑞'),(578,'斯天'),(579,'松皓'),(580,'苏燕'),(581,'肃霜'),(582,'宿亦'),(583,'溯'),(584,'泰霖'),(585,'泰吾'),(586,'堂勇'),(587,'腾'),(588,'体超'),(589,'天'),(590,'天成'),(591,'天罡'),(592,'天伟'),(593,'添榕'),(594,'添鑫'),(595,'田甜'),(596,'亭婷'),(597,'庭钰'),(598,'庭佐'),(599,'婷芳'),(600,'同杨'),(601,'同月'),(602,'铜敏'),(603,'宛芹'),(604,'莞倩'),(605,'婉晨'),(606,'万辉'),(607,'旺北'),(608,'旺丹'),(609,'望'),(610,'威鉴'),(611,'为东'),(612,'为杨'),(613,'惟然'),(614,'维豪'),(615,'维静'),(616,'维乐'),(617,'伟嘉'),(618,'伟娜'),(619,'未'),(620,'文'),(621,'文波'),(622,'文春'),(623,'文静'),(624,'文琳'),(625,'文敏'),(626,'文勤'),(627,'文双'),(628,'文文'),(629,'文娴'),(630,'文喻'),(631,'文源'),(632,'文曰'),(633,'纹'),(634,'雯秋'),(635,'雯霞'),(636,'雯欣'),(637,'汶璐'),(638,'汶鑫'),(639,'午昭'),(640,'武隆'),(641,'夕恒'),(642,'兮'),(643,'希冰'),(644,'希洋'),(645,'睎'),(646,'锡梅'),(647,'熹薇'),(648,'曦予'),(649,'霞妃'),(650,'先菊'),(651,'先林'),(652,'先敏'),(653,'先越'),(654,'贤军'),(655,'显杰'),(656,'显鑫'),(657,'相儒'),(658,'香鱼'),(659,'湘琳'),(660,'祥男'),(661,'翔天'),(662,'翔宇'),(663,'潇锦'),(664,'潇雨'),(665,'小昌'),(666,'小可'),(667,'小利'),(668,'小柳'),(669,'小欧'),(670,'小璇'),(671,'小燕'),(672,'小珍'),(673,'晓东'),(674,'晓霏'),(675,'晓华'),(676,'晓晖'),(677,'晓璐'),(678,'晓强'),(679,'晓琼'),(680,'晓婉'),(681,'晓微'),(682,'晓薇'),(683,'筱'),(684,'筱濛'),(685,'筱雨'),(686,'筱早'),(687,'肖'),(688,'肖月'),(689,'笑宇'),(690,'笑月'),(691,'啸川'),(692,'心帅'),(693,'心韵'),(694,'忻益'),(695,'芯怡'),(696,'昕奕'),(697,'欣诺'),(698,'欣茹'),(699,'莘卓'),(700,'新述'),(701,'新云'),(702,'馨菁'),(703,'馨仪'),(704,'鑫'),(705,'鑫航'),(706,'鑫建'),(707,'鑫林'),(708,'鑫瑶'),(709,'兴'),(710,'兴科'),(711,'兴琼'),(712,'兴怡'),(713,'兴忠'),(714,'星呈'),(715,'星旺'),(716,'星余'),(717,'秀花'),(718,'秀萍'),(719,'秀蓉'),(720,'旭'),(721,'旭成'),(722,'旭峰'),(723,'旭日'),(724,'绪聃'),(725,'煦丹'),(726,'学海'),(727,'学梅'),(728,'雪桦'),(729,'雪娇'),(730,'雪倩'),(731,'雪青'),(732,'雪容'),(733,'雪瑞'),(734,'雪葳'),(735,'雪雯'),(736,'雪银'),(737,'雪宇'),(738,'寻'),(739,'训'),(740,'雅帆'),(741,'雅乐'),(742,'亚波'),(743,'亚方'),(744,'亚芳'),(745,'亚君'),(746,'亚兰'),(747,'亚蕾'),(748,'亚琪'),(749,'亚琴'),(750,'亚轩'),(751,'娅丽'),(752,'娅琪'),(753,'娅琴'),(754,'严涛'),(755,'妍冰'),(756,'琰'),(757,'琰铭'),(758,'彦辉'),(759,'彦均'),(760,'彦希'),(761,'艳霖'),(762,'艳玲'),(763,'艳婷'),(764,'艳燕'),(765,'焱婷'),(766,'燕语'),(767,'扬童'),(768,'扬雪'),(769,'杨'),(770,'耀阳'),(771,'也豪'),(772,'野'),(773,'业霞'),(774,'叶霖'),(775,'晔晖'),(776,'一'),(777,'一帆'),(778,'一莱'),(779,'一新'),(780,'一逸'),(781,'伊文'),(782,'依姗'),(783,'祎'),(784,'祎楠'),(785,'壹'),(786,'怡霏'),(787,'怡鹞'),(788,'已琳'),(789,'倚天'),(790,'义东'),(791,'义豪'),(792,'弋茹'),(793,'忆'),(794,'忆萌'),(795,'艺怀'),(796,'艺佳'),(797,'艺兰'),(798,'艺苇'),(799,'议焓'),(800,'亦梁'),(801,'译心'),(802,'佾艳'),(803,'易理'),(804,'易杨'),(805,'奕军'),(806,'奕龄'),(807,'奕哲'),(808,'益麟'),(809,'逸宸'),(810,'逸涵'),(811,'意隆'),(812,'毅斌'),(813,'毅玲'),(814,'翼杰'),(815,'翼扬'),(816,'懿纯'),(817,'银娟'),(818,'银萍'),(819,'胤如'),(820,'应春'),(821,'英芳'),(822,'英昊'),(823,'迎杰'),(824,'盈银'),(825,'莹倩'),(826,'莹悦'),(827,'颖珠'),(828,'映红'),(829,'映江'),(830,'永柏'),(831,'永超'),(832,'永臣'),(833,'永恒'),(834,'永琳'),(835,'勇'),(836,'用维'),(837,'有财'),(838,'佑圳'),(839,'于童'),(840,'瑜'),(841,'瑜婷'),(842,'瑜阳'),(843,'瑜昭'),(844,'宇'),(845,'宇骋'),(846,'宇粹'),(847,'宇飞'),(848,'宇杰'),(849,'宇秋'),(850,'宇洋'),(851,'宇逸'),(852,'羽姝'),(853,'雨昶'),(854,'雨瀚'),(855,'雨捷'),(856,'雨伦'),(857,'雨萌'),(858,'雨濛'),(859,'雨乔'),(860,'雨珊'),(861,'雨庭'),(862,'雨芯'),(863,'雨之'),(864,'俣兴'),(865,'俣珠'),(866,'语杉'),(867,'瑀'),(868,'玉成'),(869,'玉珏'),(870,'玉龄'),(871,'玉琦'),(872,'玉秦'),(873,'玉雪'),(874,'玉垚'),(875,'玉总'),(876,'育非'),(877,'郁敏'),(878,'彧铖'),(879,'昱兵'),(880,'昱杉'),(881,'峪耒'),(882,'钰婉'),(883,'煜樑'),(884,'元超'),(885,'元东'),(886,'元杰'),(887,'垣'),(888,'圆慧'),(889,'远波'),(890,'远方'),(891,'远浩'),(892,'苑婷'),(893,'瑗'),(894,'月鹏'),(895,'月怡'),(896,'玥丹'),(897,'玥琦'),(898,'悦馨'),(899,'悦越'),(900,'云'),(901,'云涵'),(902,'云航'),(903,'云吉'),(904,'云健'),(905,'云劼'),(906,'云香'),(907,'云越'),(908,'耘'),(909,'运飞'),(910,'韵文'),(911,'韵真'),(912,'蕴'),(913,'赞'),(914,'泽东'),(915,'曾怡'),(916,'增祥'),(917,'占梅'),(918,'钊杨'),(919,'兆'),(920,'兆杰'),(921,'兆瑞'),(922,'兆瑜'),(923,'兆宇'),(924,'照艺'),(925,'哲鸿'),(926,'珍'),(927,'真颖'),(928,'祯娅'),(929,'甄群'),(930,'臻妍'),(931,'振雷'),(932,'正'),(933,'正丹'),(934,'正龙'),(935,'正群'),(936,'正圆'),(937,'正悦'),(938,'政佳'),(939,'之璞'),(940,'之琦'),(941,'之伟'),(942,'之竹'),(943,'芝欣'),(944,'芷菱'),(945,'志江'),(946,'志琴'),(947,'志帅'),(948,'志文'),(949,'志祥'),(950,'志艳'),(951,'治富'),(952,'治昊'),(953,'治敏'),(954,'治全'),(955,'治翔'),(956,'智海'),(957,'智捷'),(958,'智梅'),(959,'中慧'),(960,'中梁'),(961,'中玉'),(962,'忠鑫'),(963,'忠阳'),(964,'仲鑫'),(965,'重阳'),(966,'珠蓉'),(967,'助禹'),(968,'祝蓉'),(969,'子杰'),(970,'子衿'),(971,'子奇'),(972,'子薇'),(973,'子煊'),(974,'子炫'),(975,'姊懿'),(976,'梓同'),(977,'紫惠'),(978,'紫妍'),(979,'宗'),(980,'宗学'),(981,'宗益'),(982,'钻坚'),(983,'佐怡'),(984,'作华'),(1,'阿晨'),(2,'阿明'),(3,'安达'),(4,'安海'),(5,'安洪'),(6,'安洁'),(7,'安强'),(8,'安松'),(9,'安阳'),(10,'安勇'),(11,'傲'),(12,'柏林'),(13,'宝明'),(14,'贝加'),(15,'贝琦'),(16,'蓓瑶'),(17,'壁岑'),(18,'彬铖'),(19,'彬境'),(20,'彬涛'),(21,'彬学'),(22,'冰晶'),(23,'冰雁'),(24,'波'),(25,'铂钦'),(26,'博雷'),(27,'博仁'),(28,'博扬'),(29,'才伟'),(30,'彩慧'),(31,'彩妮'),(32,'昌炳'),(33,'昌辉'),(34,'昌裕'),(35,'长琴'),(36,'长思'),(37,'长文'),(38,'长欣'),(39,'畅昶'),(40,'超想'),(41,'朝科'),(42,'朝仁'),(43,'朝扬'),(44,'朝杨'),(45,'潮泽'),(46,'琛彦'),(47,'陈诚'),(48,'成'),(49,'成栋'),(50,'成蛟'),(51,'成钰'),(52,'成源'),(53,'成志'),(54,'承诩'),(55,'冲'),(56,'楚月'),(57,'楚云'),(58,'川文'),(59,'春坚'),(60,'春葵'),(61,'椿凌'),(62,'纯婧'),(63,'翠'),(64,'翠瑶'),(65,'达铖'),(66,'达利'),(67,'达显'),(68,'大亨'),(69,'代秀'),(70,'岱铭'),(71,'丹宁'),(72,'丹云'),(73,'得祥'),(74,'德昌'),(75,'德华'),(76,'德祥'),(77,'德义'),(78,'登勇'),(79,'迪泥'),(80,'荻秋'),(81,'帝雯'),(82,'帝尧'),(83,'丁峰'),(84,'丁艺'),(85,'顶亮'),(86,'定财'),(87,'东伶'),(88,'东琴'),(89,'冬利'),(90,'笃珊'),(91,'恩彪'),(92,'恩姝'),(93,'恩熙'),(94,'凡居'),(95,'凡雨'),(96,'芳'),(97,'芳芳'),(98,'芳宇'),(99,'芳圆'),(100,'芳悦'),(101,'飞'),(102,'飞燕'),(103,'飞益'),(104,'菲'),(105,'峰屹'),(106,'凤君'),(107,'凤兰'),(108,'芙容'),(109,'福天'),(110,'富贵'),(111,'富梅'),(112,'富言'),(113,'刚杰'),(114,'高昂'),(115,'庚华'),(116,'龚坤'),(117,'光'),(118,'光新'),(119,'光宇'),(120,'广龙'),(121,'贵丰'),(122,'桂华'),(123,'桂林'),(124,'桂爽'),(125,'郭旭'),(126,'国栋'),(127,'国情'),(128,'国秋'),(129,'国洋'),(130,'海冰'),(131,'海波'),(132,'海地'),(133,'海健'),(134,'海浪'),(135,'海量'),(136,'海林'),(137,'海翔'),(138,'含'),(139,'涵琪'),(140,'涵睿'),(141,'涵子'),(142,'寒梅'),(143,'汉冲'),(144,'汉涛'),(145,'菡'),(146,'杭'),(147,'航民'),(148,'航宇'),(149,'豪爽'),(150,'昊龙'),(151,'昊森'),(152,'浩'),(153,'浩茗'),(154,'浩然'),(155,'浩桐'),(156,'浩译'),(157,'浩元'),(158,'皓川'),(159,'恒一'),(160,'恒祯'),(161,'弘靖'),(162,'红根'),(163,'红亮'),(164,'红霖'),(165,'红秋'),(166,'红燕'),(167,'宏阳'),(168,'宏雨'),(169,'宏远'),(170,'洪波'),(171,'洪迪'),(172,'洪兰'),(173,'洪艳'),(174,'洪忆'),(175,'虹霏'),(176,'虹廷'),(177,'鸿杰'),(178,'鸿鑫'),(179,'鸿阳'),(180,'鸿章'),(181,'侯彬'),(182,'华'),(183,'华瑰'),(184,'华玉'),(185,'华征'),(186,'怀斌'),(187,'焕翔'),(188,'辉茗'),(189,'会姣'),(190,'惠清'),(191,'惠薷'),(192,'惠芝'),(193,'慧妮'),(194,'慧珍'),(195,'慧之'),(196,'极'),(197,'纪宏'),(198,'季糠'),(199,'季纭'),(200,'继浩'),(201,'继迁'),(202,'继琴'),(203,'继贤'),(204,'霁轩'),(205,'加新'),(206,'佳壕'),(207,'佳蕾'),(208,'佳丽'),(209,'佳林'),(210,'佳龙'),(211,'佳曼'),(212,'佳威'),(213,'家波'),(214,'家柠'),(215,'家萍'),(216,'家祺'),(217,'家锐'),(218,'家玮'),(219,'家欣'),(220,'家源'),(221,'家越'),(222,'傢月'),(223,'嘉华'),(224,'嘉辉'),(225,'嘉伦'),(226,'嘉勉'),(227,'嘉淇'),(228,'嘉舜'),(229,'嘉芯'),(230,'建钗'),(231,'建川'),(232,'建君'),(233,'建均'),(234,'健一'),(235,'江明'),(236,'蛟娇'),(237,'杰'),(238,'杰轮'),(239,'结'),(240,'金凤'),(241,'金莲'),(242,'金平'),(243,'金桃'),(244,'金婷'),(245,'金蔚'),(246,'金燕'),(247,'金玉'),(248,'津明'),(249,'瑾璇'),(250,'劲邦'),(251,'进'),(252,'进良'),(253,'晋仕'),(254,'晋莹'),(255,'京玲'),(256,'晶鑫'),(257,'晶瑶'),(258,'鲸泳'),(259,'婧月'),(260,'敬霞'),(261,'敬宇'),(262,'靖璇'),(263,'靖宗'),(264,'静华'),(265,'静维'),(266,'静远'),(267,'镜南'),(268,'九士'),(269,'九洲'),(270,'娟娟'),(271,'鹃'),(272,'绢'),(273,'军'),(274,'军辉'),(275,'君'),(276,'君兰'),(277,'君如'),(278,'均林'),(279,'筠菡'),(280,'俊博'),(281,'俊晨'),(282,'俊承'),(283,'俊龙'),(284,'俊宁'),(285,'俊森'),(286,'俊圩'),(287,'俊烨'),(288,'俊英'),(289,'珺涵'),(290,'珺瑶'),(291,'竣尧'),(292,'竣智'),(293,'开朗'),(294,'开明'),(295,'凯强'),(296,'凯芮'),(297,'楷辉'),(298,'康乐'),(299,'苛政'),(300,'柯'),(301,'柯星'),(302,'柯佚'),(303,'科辰'),(304,'科燕'),(305,'可钦'),(306,'孔杰'),(307,'圹野'),(308,'奎钢'),(309,'坤铸'),(310,'来宾'),(311,'兰平'),(312,'澜清'),(313,'琅'),(314,'浪子'),(315,'乐嘉'),(316,'乐怡'),(317,'乐忆'),(318,'磊罡'),(319,'莉冰'),(320,'莉莉'),(321,'李杰'),(322,'理思'),(323,'力中'),(324,'立津'),(325,'立君'),(326,'丽红'),(327,'丽珲'),(328,'丽苹'),(329,'丽容'),(330,'丽宇'),(331,'利梅'),(332,'利娜'),(333,'俐珩'),(334,'俪楠'),(335,'连骐'),(336,'炼晖'),(337,'炼榆'),(338,'良斌'),(339,'良滔'),(340,'良伟'),(341,'良勇'),(342,'亮'),(343,'亮宇'),(344,'廖伟'),(345,'烈梅'),(346,'林翰'),(347,'林洪'),(348,'林颖'),(349,'林针'),(350,'琳珂'),(351,'琳颖'),(352,'玲敏'),(353,'玲钰'),(354,'铃慧'),(355,'陵尧'),(356,'令'),(357,'刘学'),(358,'留佳'),(359,'柳'),(360,'柳倩'),(361,'柳青'),(362,'柳舟'),(363,'龙川'),(364,'龙涛'),(365,'珑环'),(366,'露'),(367,'露露'),(368,'芦扬'),(369,'禄东'),(370,'禄鹏'),(371,'璐懋'),(372,'绿'),(373,'伦嘎'),(374,'伦祥'),(375,'麦新'),(376,'曼'),(377,'曼江'),(378,'曼涛'),(379,'茂华'),(380,'茂辉'),(381,'茂莲'),(382,'茂秋'),(383,'茂全'),(384,'茂珊'),(385,'茂余'),(386,'梅慧'),(387,'湄凤'),(388,'美嘉'),(389,'美梅'),(390,'媄麟'),(391,'朦朦'),(392,'朦倩'),(393,'蒙恩'),(394,'蒙蒙'),(395,'孟初'),(396,'孟娟'),(397,'孟明'),(398,'孟芮'),(399,'孟廷'),(400,'梦标'),(401,'梦婵'),(402,'梦儿'),(403,'梦娇'),(404,'梦可'),(405,'梦梦'),(406,'梦圆'),(407,'迷'),(408,'敏婕'),(409,'敏兰'),(410,'明春'),(411,'明富'),(412,'明国'),(413,'明华'),(414,'明亮'),(415,'明澍'),(416,'明源'),(417,'明越'),(418,'茗琦'),(419,'铭睿'),(420,'默'),(421,'默然'),(422,'沐'),(423,'沐源'),(424,'牧晓'),(425,'钠姝'),(426,'男'),(427,'南芳'),(428,'南杰'),(429,'柟'),(430,'难洁'),(431,'能昌'),(432,'能平'),(433,'能学'),(434,'妮帆'),(435,'念祥'),(436,'宁馨'),(437,'泞君'),(438,'钕承'),(439,'偶'),(440,'培娟'),(441,'培柱'),(442,'沛铖'),(443,'沛晗'),(444,'沛然'),(445,'沛文'),(446,'沛沄'),(447,'佩婧'),(448,'朋强'),(449,'蓬瑞'),(450,'鹏傲'),(451,'鹏达'),(452,'平'),(453,'平川'),(454,'璞'),(455,'璞君'),(456,'其勇'),(457,'奇莹'),(458,'琦珈'),(459,'琪其'),(460,'琪云'),(461,'祺皓'),(462,'麒媛'),(463,'启惠'),(464,'啟飞'),(465,'茜'),(466,'茜文'),(467,'倩明'),(468,'强林'),(469,'侨敏'),(470,'钦钦'),(471,'勤波'),(472,'沁杰'),(473,'青鹤'),(474,'青岚'),(475,'青梅'),(476,'倾城'),(477,'清诚'),(478,'清孟'),(479,'清文'),(480,'清永'),(481,'庆龙'),(482,'庆威'),(483,'庆禹'),(484,'琼'),(485,'琼枝'),(486,'秋成'),(487,'秋焕'),(488,'秋捷'),(489,'秋瑾'),(490,'秋恋'),(491,'秋茹'),(492,'秋胜'),(493,'秋雪'),(494,'秋渝'),(495,'秋余'),(496,'秋雨'),(497,'秋媛'),(498,'秋悦'),(499,'群芳'),(500,'群梅'),(501,'苒苒'),(502,'娆'),(503,'仁浩'),(504,'仁文'),(505,'荣虎'),(506,'荣华'),(507,'荣明'),(508,'荣曜'),(509,'榕雪'),(510,'茹'),(511,'儒凡'),(512,'入华'),(513,'芮岑'),(514,'芮松'),(515,'瑞丹'),(516,'瑞谦'),(517,'睿迪'),(518,'闰'),(519,'润尧'),(520,'若桦'),(521,'若挺'),(522,'若雯'),(523,'若昕'),(524,'若妤'),(525,'赛娇'),(526,'山行'),(527,'杉舟'),(528,'善菊'),(529,'尚'),(530,'少毫'),(531,'少帅'),(532,'绍杰'),(533,'绍民'),(534,'侁'),(535,'珅皞'),(536,'胜男'),(537,'胜曙'),(538,'圣杰'),(539,'圣铭'),(540,'盛焕'),(541,'盛君'),(542,'盛智'),(543,'师影'),(544,'诗迪'),(545,'诗琪'),(546,'诗琴'),(547,'诗怡'),(548,'诗羽'),(549,'实玉'),(550,'世衡'),(551,'世秀'),(552,'世震'),(553,'仕炜'),(554,'仕譞'),(555,'仕友'),(556,'守金'),(557,'书杰'),(558,'书山'),(559,'书阳'),(560,'书竹'),(561,'姝榕'),(562,'淑娇'),(563,'淑龙'),(564,'淑棋'),(565,'疏航'),(566,'舒晗'),(567,'术青'),(568,'树辉'),(569,'树人'),(570,'顺娟'),(571,'思楚'),(572,'思凡'),(573,'思立'),(574,'思潼'),(575,'思玮'),(576,'思莹'),(577,'斯瑞'),(578,'斯天'),(579,'松皓'),(580,'苏燕'),(581,'肃霜'),(582,'宿亦'),(583,'溯'),(584,'泰霖'),(585,'泰吾'),(586,'堂勇'),(587,'腾'),(588,'体超'),(589,'天'),(590,'天成'),(591,'天罡'),(592,'天伟'),(593,'添榕'),(594,'添鑫'),(595,'田甜'),(596,'亭婷'),(597,'庭钰'),(598,'庭佐'),(599,'婷芳'),(600,'同杨'),(601,'同月'),(602,'铜敏'),(603,'宛芹'),(604,'莞倩'),(605,'婉晨'),(606,'万辉'),(607,'旺北'),(608,'旺丹'),(609,'望'),(610,'威鉴'),(611,'为东'),(612,'为杨'),(613,'惟然'),(614,'维豪'),(615,'维静'),(616,'维乐'),(617,'伟嘉'),(618,'伟娜'),(619,'未'),(620,'文'),(621,'文波'),(622,'文春'),(623,'文静'),(624,'文琳'),(625,'文敏'),(626,'文勤'),(627,'文双'),(628,'文文'),(629,'文娴'),(630,'文喻'),(631,'文源'),(632,'文曰'),(633,'纹'),(634,'雯秋'),(635,'雯霞'),(636,'雯欣'),(637,'汶璐'),(638,'汶鑫'),(639,'午昭'),(640,'武隆'),(641,'夕恒'),(642,'兮'),(643,'希冰'),(644,'希洋'),(645,'睎'),(646,'锡梅'),(647,'熹薇'),(648,'曦予'),(649,'霞妃'),(650,'先菊'),(651,'先林'),(652,'先敏'),(653,'先越'),(654,'贤军'),(655,'显杰'),(656,'显鑫'),(657,'相儒'),(658,'香鱼'),(659,'湘琳'),(660,'祥男'),(661,'翔天'),(662,'翔宇'),(663,'潇锦'),(664,'潇雨'),(665,'小昌'),(666,'小可'),(667,'小利'),(668,'小柳'),(669,'小欧'),(670,'小璇'),(671,'小燕'),(672,'小珍'),(673,'晓东'),(674,'晓霏'),(675,'晓华'),(676,'晓晖'),(677,'晓璐'),(678,'晓强'),(679,'晓琼'),(680,'晓婉'),(681,'晓微'),(682,'晓薇'),(683,'筱'),(684,'筱濛'),(685,'筱雨'),(686,'筱早'),(687,'肖'),(688,'肖月'),(689,'笑宇'),(690,'笑月'),(691,'啸川'),(692,'心帅'),(693,'心韵'),(694,'忻益'),(695,'芯怡'),(696,'昕奕'),(697,'欣诺'),(698,'欣茹'),(699,'莘卓'),(700,'新述'),(701,'新云'),(702,'馨菁'),(703,'馨仪'),(704,'鑫'),(705,'鑫航'),(706,'鑫建'),(707,'鑫林'),(708,'鑫瑶'),(709,'兴'),(710,'兴科'),(711,'兴琼'),(712,'兴怡'),(713,'兴忠'),(714,'星呈'),(715,'星旺'),(716,'星余'),(717,'秀花'),(718,'秀萍'),(719,'秀蓉'),(720,'旭'),(721,'旭成'),(722,'旭峰'),(723,'旭日'),(724,'绪聃'),(725,'煦丹'),(726,'学海'),(727,'学梅'),(728,'雪桦'),(729,'雪娇'),(730,'雪倩'),(731,'雪青'),(732,'雪容'),(733,'雪瑞'),(734,'雪葳'),(735,'雪雯'),(736,'雪银'),(737,'雪宇'),(738,'寻'),(739,'训'),(740,'雅帆'),(741,'雅乐'),(742,'亚波'),(743,'亚方'),(744,'亚芳'),(745,'亚君'),(746,'亚兰'),(747,'亚蕾'),(748,'亚琪'),(749,'亚琴'),(750,'亚轩'),(751,'娅丽'),(752,'娅琪'),(753,'娅琴'),(754,'严涛'),(755,'妍冰'),(756,'琰'),(757,'琰铭'),(758,'彦辉'),(759,'彦均'),(760,'彦希'),(761,'艳霖'),(762,'艳玲'),(763,'艳婷'),(764,'艳燕'),(765,'焱婷'),(766,'燕语'),(767,'扬童'),(768,'扬雪'),(769,'杨'),(770,'耀阳'),(771,'也豪'),(772,'野'),(773,'业霞'),(774,'叶霖'),(775,'晔晖'),(776,'一'),(777,'一帆'),(778,'一莱'),(779,'一新'),(780,'一逸'),(781,'伊文'),(782,'依姗'),(783,'祎'),(784,'祎楠'),(785,'壹'),(786,'怡霏'),(787,'怡鹞'),(788,'已琳'),(789,'倚天'),(790,'义东'),(791,'义豪'),(792,'弋茹'),(793,'忆'),(794,'忆萌'),(795,'艺怀'),(796,'艺佳'),(797,'艺兰'),(798,'艺苇'),(799,'议焓'),(800,'亦梁'),(801,'译心'),(802,'佾艳'),(803,'易理'),(804,'易杨'),(805,'奕军'),(806,'奕龄'),(807,'奕哲'),(808,'益麟'),(809,'逸宸'),(810,'逸涵'),(811,'意隆'),(812,'毅斌'),(813,'毅玲'),(814,'翼杰'),(815,'翼扬'),(816,'懿纯'),(817,'银娟'),(818,'银萍'),(819,'胤如'),(820,'应春'),(821,'英芳'),(822,'英昊'),(823,'迎杰'),(824,'盈银'),(825,'莹倩'),(826,'莹悦'),(827,'颖珠'),(828,'映红'),(829,'映江'),(830,'永柏'),(831,'永超'),(832,'永臣'),(833,'永恒'),(834,'永琳'),(835,'勇'),(836,'用维'),(837,'有财'),(838,'佑圳'),(839,'于童'),(840,'瑜'),(841,'瑜婷'),(842,'瑜阳'),(843,'瑜昭'),(844,'宇'),(845,'宇骋'),(846,'宇粹'),(847,'宇飞'),(848,'宇杰'),(849,'宇秋'),(850,'宇洋'),(851,'宇逸'),(852,'羽姝'),(853,'雨昶'),(854,'雨瀚'),(855,'雨捷'),(856,'雨伦'),(857,'雨萌'),(858,'雨濛'),(859,'雨乔'),(860,'雨珊'),(861,'雨庭'),(862,'雨芯'),(863,'雨之'),(864,'俣兴'),(865,'俣珠'),(866,'语杉'),(867,'瑀'),(868,'玉成'),(869,'玉珏'),(870,'玉龄'),(871,'玉琦'),(872,'玉秦'),(873,'玉雪'),(874,'玉垚'),(875,'玉总'),(876,'育非'),(877,'郁敏'),(878,'彧铖'),(879,'昱兵'),(880,'昱杉'),(881,'峪耒'),(882,'钰婉'),(883,'煜樑'),(884,'元超'),(885,'元东'),(886,'元杰'),(887,'垣'),(888,'圆慧'),(889,'远波'),(890,'远方'),(891,'远浩'),(892,'苑婷'),(893,'瑗'),(894,'月鹏'),(895,'月怡'),(896,'玥丹'),(897,'玥琦'),(898,'悦馨'),(899,'悦越'),(900,'云'),(901,'云涵'),(902,'云航'),(903,'云吉'),(904,'云健'),(905,'云劼'),(906,'云香'),(907,'云越'),(908,'耘'),(909,'运飞'),(910,'韵文'),(911,'韵真'),(912,'蕴'),(913,'赞'),(914,'泽东'),(915,'曾怡'),(916,'增祥'),(917,'占梅'),(918,'钊杨'),(919,'兆'),(920,'兆杰'),(921,'兆瑞'),(922,'兆瑜'),(923,'兆宇'),(924,'照艺'),(925,'哲鸿'),(926,'珍'),(927,'真颖'),(928,'祯娅'),(929,'甄群'),(930,'臻妍'),(931,'振雷'),(932,'正'),(933,'正丹'),(934,'正龙'),(935,'正群'),(936,'正圆'),(937,'正悦'),(938,'政佳'),(939,'之璞'),(940,'之琦'),(941,'之伟'),(942,'之竹'),(943,'芝欣'),(944,'芷菱'),(945,'志江'),(946,'志琴'),(947,'志帅'),(948,'志文'),(949,'志祥'),(950,'志艳'),(951,'治富'),(952,'治昊'),(953,'治敏'),(954,'治全'),(955,'治翔'),(956,'智海'),(957,'智捷'),(958,'智梅'),(959,'中慧'),(960,'中梁'),(961,'中玉'),(962,'忠鑫'),(963,'忠阳'),(964,'仲鑫'),(965,'重阳'),(966,'珠蓉'),(967,'助禹'),(968,'祝蓉'),(969,'子杰'),(970,'子衿'),(971,'子奇'),(972,'子薇'),(973,'子煊'),(974,'子炫'),(975,'姊懿'),(976,'梓同'),(977,'紫惠'),(978,'紫妍'),(979,'宗'),(980,'宗学'),(981,'宗益'),(982,'钻坚'),(983,'佐怡'),(984,'作华'),(1,'阿晨'),(2,'阿明'),(3,'安达'),(4,'安海'),(5,'安洪'),(6,'安洁'),(7,'安强'),(8,'安松'),(9,'安阳'),(10,'安勇'),(11,'傲'),(12,'柏林'),(13,'宝明'),(14,'贝加'),(15,'贝琦'),(16,'蓓瑶'),(17,'壁岑'),(18,'彬铖'),(19,'彬境'),(20,'彬涛'),(21,'彬学'),(22,'冰晶'),(23,'冰雁'),(24,'波'),(25,'铂钦'),(26,'博雷'),(27,'博仁'),(28,'博扬'),(29,'才伟'),(30,'彩慧'),(31,'彩妮'),(32,'昌炳'),(33,'昌辉'),(34,'昌裕'),(35,'长琴'),(36,'长思'),(37,'长文'),(38,'长欣'),(39,'畅昶'),(40,'超想'),(41,'朝科'),(42,'朝仁'),(43,'朝扬'),(44,'朝杨'),(45,'潮泽'),(46,'琛彦'),(47,'陈诚'),(48,'成'),(49,'成栋'),(50,'成蛟'),(51,'成钰'),(52,'成源'),(53,'成志'),(54,'承诩'),(55,'冲'),(56,'楚月'),(57,'楚云'),(58,'川文'),(59,'春坚'),(60,'春葵'),(61,'椿凌'),(62,'纯婧'),(63,'翠'),(64,'翠瑶'),(65,'达铖'),(66,'达利'),(67,'达显'),(68,'大亨'),(69,'代秀'),(70,'岱铭'),(71,'丹宁'),(72,'丹云'),(73,'得祥'),(74,'德昌'),(75,'德华'),(76,'德祥'),(77,'德义'),(78,'登勇'),(79,'迪泥'),(80,'荻秋'),(81,'帝雯'),(82,'帝尧'),(83,'丁峰'),(84,'丁艺'),(85,'顶亮'),(86,'定财'),(87,'东伶'),(88,'东琴'),(89,'冬利'),(90,'笃珊'),(91,'恩彪'),(92,'恩姝'),(93,'恩熙'),(94,'凡居'),(95,'凡雨'),(96,'芳'),(97,'芳芳'),(98,'芳宇'),(99,'芳圆'),(100,'芳悦'),(101,'飞'),(102,'飞燕'),(103,'飞益'),(104,'菲'),(105,'峰屹'),(106,'凤君'),(107,'凤兰'),(108,'芙容'),(109,'福天'),(110,'富贵'),(111,'富梅'),(112,'富言'),(113,'刚杰'),(114,'高昂'),(115,'庚华'),(116,'龚坤'),(117,'光'),(118,'光新'),(119,'光宇'),(120,'广龙'),(121,'贵丰'),(122,'桂华'),(123,'桂林'),(124,'桂爽'),(125,'郭旭'),(126,'国栋'),(127,'国情'),(128,'国秋'),(129,'国洋'),(130,'海冰'),(131,'海波'),(132,'海地'),(133,'海健'),(134,'海浪'),(135,'海量'),(136,'海林'),(137,'海翔'),(138,'含'),(139,'涵琪'),(140,'涵睿'),(141,'涵子'),(142,'寒梅'),(143,'汉冲'),(144,'汉涛'),(145,'菡'),(146,'杭'),(147,'航民'),(148,'航宇'),(149,'豪爽'),(150,'昊龙'),(151,'昊森'),(152,'浩'),(153,'浩茗'),(154,'浩然'),(155,'浩桐'),(156,'浩译'),(157,'浩元'),(158,'皓川'),(159,'恒一'),(160,'恒祯'),(161,'弘靖'),(162,'红根'),(163,'红亮'),(164,'红霖'),(165,'红秋'),(166,'红燕'),(167,'宏阳'),(168,'宏雨'),(169,'宏远'),(170,'洪波'),(171,'洪迪'),(172,'洪兰'),(173,'洪艳'),(174,'洪忆'),(175,'虹霏'),(176,'虹廷'),(177,'鸿杰'),(178,'鸿鑫'),(179,'鸿阳'),(180,'鸿章'),(181,'侯彬'),(182,'华'),(183,'华瑰'),(184,'华玉'),(185,'华征'),(186,'怀斌'),(187,'焕翔'),(188,'辉茗'),(189,'会姣'),(190,'惠清'),(191,'惠薷'),(192,'惠芝'),(193,'慧妮'),(194,'慧珍'),(195,'慧之'),(196,'极'),(197,'纪宏'),(198,'季糠'),(199,'季纭'),(200,'继浩'),(201,'继迁'),(202,'继琴'),(203,'继贤'),(204,'霁轩'),(205,'加新'),(206,'佳壕'),(207,'佳蕾'),(208,'佳丽'),(209,'佳林'),(210,'佳龙'),(211,'佳曼'),(212,'佳威'),(213,'家波'),(214,'家柠'),(215,'家萍'),(216,'家祺'),(217,'家锐'),(218,'家玮'),(219,'家欣'),(220,'家源'),(221,'家越'),(222,'傢月'),(223,'嘉华'),(224,'嘉辉'),(225,'嘉伦'),(226,'嘉勉'),(227,'嘉淇'),(228,'嘉舜'),(229,'嘉芯'),(230,'建钗'),(231,'建川'),(232,'建君'),(233,'建均'),(234,'健一'),(235,'江明'),(236,'蛟娇'),(237,'杰'),(238,'杰轮'),(239,'结'),(240,'金凤'),(241,'金莲'),(242,'金平'),(243,'金桃'),(244,'金婷'),(245,'金蔚'),(246,'金燕'),(247,'金玉'),(248,'津明'),(249,'瑾璇'),(250,'劲邦'),(251,'进'),(252,'进良'),(253,'晋仕'),(254,'晋莹'),(255,'京玲'),(256,'晶鑫'),(257,'晶瑶'),(258,'鲸泳'),(259,'婧月'),(260,'敬霞'),(261,'敬宇'),(262,'靖璇'),(263,'靖宗'),(264,'静华'),(265,'静维'),(266,'静远'),(267,'镜南'),(268,'九士'),(269,'九洲'),(270,'娟娟'),(271,'鹃'),(272,'绢'),(273,'军'),(274,'军辉'),(275,'君'),(276,'君兰'),(277,'君如'),(278,'均林'),(279,'筠菡'),(280,'俊博'),(281,'俊晨'),(282,'俊承'),(283,'俊龙'),(284,'俊宁'),(285,'俊森'),(286,'俊圩'),(287,'俊烨'),(288,'俊英'),(289,'珺涵'),(290,'珺瑶'),(291,'竣尧'),(292,'竣智'),(293,'开朗'),(294,'开明'),(295,'凯强'),(296,'凯芮'),(297,'楷辉'),(298,'康乐'),(299,'苛政'),(300,'柯'),(301,'柯星'),(302,'柯佚'),(303,'科辰'),(304,'科燕'),(305,'可钦'),(306,'孔杰'),(307,'圹野'),(308,'奎钢'),(309,'坤铸'),(310,'来宾'),(311,'兰平'),(312,'澜清'),(313,'琅'),(314,'浪子'),(315,'乐嘉'),(316,'乐怡'),(317,'乐忆'),(318,'磊罡'),(319,'莉冰'),(320,'莉莉'),(321,'李杰'),(322,'理思'),(323,'力中'),(324,'立津'),(325,'立君'),(326,'丽红'),(327,'丽珲'),(328,'丽苹'),(329,'丽容'),(330,'丽宇'),(331,'利梅'),(332,'利娜'),(333,'俐珩'),(334,'俪楠'),(335,'连骐'),(336,'炼晖'),(337,'炼榆'),(338,'良斌'),(339,'良滔'),(340,'良伟'),(341,'良勇'),(342,'亮'),(343,'亮宇'),(344,'廖伟'),(345,'烈梅'),(346,'林翰'),(347,'林洪'),(348,'林颖'),(349,'林针'),(350,'琳珂'),(351,'琳颖'),(352,'玲敏'),(353,'玲钰'),(354,'铃慧'),(355,'陵尧'),(356,'令'),(357,'刘学'),(358,'留佳'),(359,'柳'),(360,'柳倩'),(361,'柳青'),(362,'柳舟'),(363,'龙川'),(364,'龙涛'),(365,'珑环'),(366,'露'),(367,'露露'),(368,'芦扬'),(369,'禄东'),(370,'禄鹏'),(371,'璐懋'),(372,'绿'),(373,'伦嘎'),(374,'伦祥'),(375,'麦新'),(376,'曼'),(377,'曼江'),(378,'曼涛'),(379,'茂华'),(380,'茂辉'),(381,'茂莲'),(382,'茂秋'),(383,'茂全'),(384,'茂珊'),(385,'茂余'),(386,'梅慧'),(387,'湄凤'),(388,'美嘉'),(389,'美梅'),(390,'媄麟'),(391,'朦朦'),(392,'朦倩'),(393,'蒙恩'),(394,'蒙蒙'),(395,'孟初'),(396,'孟娟'),(397,'孟明'),(398,'孟芮'),(399,'孟廷'),(400,'梦标'),(401,'梦婵'),(402,'梦儿'),(403,'梦娇'),(404,'梦可'),(405,'梦梦'),(406,'梦圆'),(407,'迷'),(408,'敏婕'),(409,'敏兰'),(410,'明春'),(411,'明富'),(412,'明国'),(413,'明华'),(414,'明亮'),(415,'明澍'),(416,'明源'),(417,'明越'),(418,'茗琦'),(419,'铭睿'),(420,'默'),(421,'默然'),(422,'沐'),(423,'沐源'),(424,'牧晓'),(425,'钠姝'),(426,'男'),(427,'南芳'),(428,'南杰'),(429,'柟'),(430,'难洁'),(431,'能昌'),(432,'能平'),(433,'能学'),(434,'妮帆'),(435,'念祥'),(436,'宁馨'),(437,'泞君'),(438,'钕承'),(439,'偶'),(440,'培娟'),(441,'培柱'),(442,'沛铖'),(443,'沛晗'),(444,'沛然'),(445,'沛文'),(446,'沛沄'),(447,'佩婧'),(448,'朋强'),(449,'蓬瑞'),(450,'鹏傲'),(451,'鹏达'),(452,'平'),(453,'平川'),(454,'璞'),(455,'璞君'),(456,'其勇'),(457,'奇莹'),(458,'琦珈'),(459,'琪其'),(460,'琪云'),(461,'祺皓'),(462,'麒媛'),(463,'启惠'),(464,'啟飞'),(465,'茜'),(466,'茜文'),(467,'倩明'),(468,'强林'),(469,'侨敏'),(470,'钦钦'),(471,'勤波'),(472,'沁杰'),(473,'青鹤'),(474,'青岚'),(475,'青梅'),(476,'倾城'),(477,'清诚'),(478,'清孟'),(479,'清文'),(480,'清永'),(481,'庆龙'),(482,'庆威'),(483,'庆禹'),(484,'琼'),(485,'琼枝'),(486,'秋成'),(487,'秋焕'),(488,'秋捷'),(489,'秋瑾'),(490,'秋恋'),(491,'秋茹'),(492,'秋胜'),(493,'秋雪'),(494,'秋渝'),(495,'秋余'),(496,'秋雨'),(497,'秋媛'),(498,'秋悦'),(499,'群芳'),(500,'群梅'),(501,'苒苒'),(502,'娆'),(503,'仁浩'),(504,'仁文'),(505,'荣虎'),(506,'荣华'),(507,'荣明'),(508,'荣曜'),(509,'榕雪'),(510,'茹'),(511,'儒凡'),(512,'入华'),(513,'芮岑'),(514,'芮松'),(515,'瑞丹'),(516,'瑞谦'),(517,'睿迪'),(518,'闰'),(519,'润尧'),(520,'若桦'),(521,'若挺'),(522,'若雯'),(523,'若昕'),(524,'若妤'),(525,'赛娇'),(526,'山行'),(527,'杉舟'),(528,'善菊'),(529,'尚'),(530,'少毫'),(531,'少帅'),(532,'绍杰'),(533,'绍民'),(534,'侁'),(535,'珅皞'),(536,'胜男'),(537,'胜曙'),(538,'圣杰'),(539,'圣铭'),(540,'盛焕'),(541,'盛君'),(542,'盛智'),(543,'师影'),(544,'诗迪'),(545,'诗琪'),(546,'诗琴'),(547,'诗怡'),(548,'诗羽'),(549,'实玉'),(550,'世衡'),(551,'世秀'),(552,'世震'),(553,'仕炜'),(554,'仕譞'),(555,'仕友'),(556,'守金'),(557,'书杰'),(558,'书山'),(559,'书阳'),(560,'书竹'),(561,'姝榕'),(562,'淑娇'),(563,'淑龙'),(564,'淑棋'),(565,'疏航'),(566,'舒晗'),(567,'术青'),(568,'树辉'),(569,'树人'),(570,'顺娟'),(571,'思楚'),(572,'思凡'),(573,'思立'),(574,'思潼'),(575,'思玮'),(576,'思莹'),(577,'斯瑞'),(578,'斯天'),(579,'松皓'),(580,'苏燕'),(581,'肃霜'),(582,'宿亦'),(583,'溯'),(584,'泰霖'),(585,'泰吾'),(586,'堂勇'),(587,'腾'),(588,'体超'),(589,'天'),(590,'天成'),(591,'天罡'),(592,'天伟'),(593,'添榕'),(594,'添鑫'),(595,'田甜'),(596,'亭婷'),(597,'庭钰'),(598,'庭佐'),(599,'婷芳'),(600,'同杨'),(601,'同月'),(602,'铜敏'),(603,'宛芹'),(604,'莞倩'),(605,'婉晨'),(606,'万辉'),(607,'旺北'),(608,'旺丹'),(609,'望'),(610,'威鉴'),(611,'为东'),(612,'为杨'),(613,'惟然'),(614,'维豪'),(615,'维静'),(616,'维乐'),(617,'伟嘉'),(618,'伟娜'),(619,'未'),(620,'文'),(621,'文波'),(622,'文春'),(623,'文静'),(624,'文琳'),(625,'文敏'),(626,'文勤'),(627,'文双'),(628,'文文'),(629,'文娴'),(630,'文喻'),(631,'文源'),(632,'文曰'),(633,'纹'),(634,'雯秋'),(635,'雯霞'),(636,'雯欣'),(637,'汶璐'),(638,'汶鑫'),(639,'午昭'),(640,'武隆'),(641,'夕恒'),(642,'兮'),(643,'希冰'),(644,'希洋'),(645,'睎'),(646,'锡梅'),(647,'熹薇'),(648,'曦予'),(649,'霞妃'),(650,'先菊'),(651,'先林'),(652,'先敏'),(653,'先越'),(654,'贤军'),(655,'显杰'),(656,'显鑫'),(657,'相儒'),(658,'香鱼'),(659,'湘琳'),(660,'祥男'),(661,'翔天'),(662,'翔宇'),(663,'潇锦'),(664,'潇雨'),(665,'小昌'),(666,'小可'),(667,'小利'),(668,'小柳'),(669,'小欧'),(670,'小璇'),(671,'小燕'),(672,'小珍'),(673,'晓东'),(674,'晓霏'),(675,'晓华'),(676,'晓晖'),(677,'晓璐'),(678,'晓强'),(679,'晓琼'),(680,'晓婉'),(681,'晓微'),(682,'晓薇'),(683,'筱'),(684,'筱濛'),(685,'筱雨'),(686,'筱早'),(687,'肖'),(688,'肖月'),(689,'笑宇'),(690,'笑月'),(691,'啸川'),(692,'心帅'),(693,'心韵'),(694,'忻益'),(695,'芯怡'),(696,'昕奕'),(697,'欣诺'),(698,'欣茹'),(699,'莘卓'),(700,'新述'),(701,'新云'),(702,'馨菁'),(703,'馨仪'),(704,'鑫'),(705,'鑫航'),(706,'鑫建'),(707,'鑫林'),(708,'鑫瑶'),(709,'兴'),(710,'兴科'),(711,'兴琼'),(712,'兴怡'),(713,'兴忠'),(714,'星呈'),(715,'星旺'),(716,'星余'),(717,'秀花'),(718,'秀萍'),(719,'秀蓉'),(720,'旭'),(721,'旭成'),(722,'旭峰'),(723,'旭日'),(724,'绪聃'),(725,'煦丹'),(726,'学海'),(727,'学梅'),(728,'雪桦'),(729,'雪娇'),(730,'雪倩'),(731,'雪青'),(732,'雪容'),(733,'雪瑞'),(734,'雪葳'),(735,'雪雯'),(736,'雪银'),(737,'雪宇'),(738,'寻'),(739,'训'),(740,'雅帆'),(741,'雅乐'),(742,'亚波'),(743,'亚方'),(744,'亚芳'),(745,'亚君'),(746,'亚兰'),(747,'亚蕾'),(748,'亚琪'),(749,'亚琴'),(750,'亚轩'),(751,'娅丽'),(752,'娅琪'),(753,'娅琴'),(754,'严涛'),(755,'妍冰'),(756,'琰'),(757,'琰铭'),(758,'彦辉'),(759,'彦均'),(760,'彦希'),(761,'艳霖'),(762,'艳玲'),(763,'艳婷'),(764,'艳燕'),(765,'焱婷'),(766,'燕语'),(767,'扬童'),(768,'扬雪'),(769,'杨'),(770,'耀阳'),(771,'也豪'),(772,'野'),(773,'业霞'),(774,'叶霖'),(775,'晔晖'),(776,'一'),(777,'一帆'),(778,'一莱'),(779,'一新'),(780,'一逸'),(781,'伊文'),(782,'依姗'),(783,'祎'),(784,'祎楠'),(785,'壹'),(786,'怡霏'),(787,'怡鹞'),(788,'已琳'),(789,'倚天'),(790,'义东'),(791,'义豪'),(792,'弋茹'),(793,'忆'),(794,'忆萌'),(795,'艺怀'),(796,'艺佳'),(797,'艺兰'),(798,'艺苇'),(799,'议焓'),(800,'亦梁'),(801,'译心'),(802,'佾艳'),(803,'易理'),(804,'易杨'),(805,'奕军'),(806,'奕龄'),(807,'奕哲'),(808,'益麟'),(809,'逸宸'),(810,'逸涵'),(811,'意隆'),(812,'毅斌'),(813,'毅玲'),(814,'翼杰'),(815,'翼扬'),(816,'懿纯'),(817,'银娟'),(818,'银萍'),(819,'胤如'),(820,'应春'),(821,'英芳'),(822,'英昊'),(823,'迎杰'),(824,'盈银'),(825,'莹倩'),(826,'莹悦'),(827,'颖珠'),(828,'映红'),(829,'映江'),(830,'永柏'),(831,'永超'),(832,'永臣'),(833,'永恒'),(834,'永琳'),(835,'勇'),(836,'用维'),(837,'有财'),(838,'佑圳'),(839,'于童'),(840,'瑜'),(841,'瑜婷'),(842,'瑜阳'),(843,'瑜昭'),(844,'宇'),(845,'宇骋'),(846,'宇粹'),(847,'宇飞'),(848,'宇杰'),(849,'宇秋'),(850,'宇洋'),(851,'宇逸'),(852,'羽姝'),(853,'雨昶'),(854,'雨瀚'),(855,'雨捷'),(856,'雨伦'),(857,'雨萌'),(858,'雨濛'),(859,'雨乔'),(860,'雨珊'),(861,'雨庭'),(862,'雨芯'),(863,'雨之'),(864,'俣兴'),(865,'俣珠'),(866,'语杉'),(867,'瑀'),(868,'玉成'),(869,'玉珏'),(870,'玉龄'),(871,'玉琦'),(872,'玉秦'),(873,'玉雪'),(874,'玉垚'),(875,'玉总'),(876,'育非'),(877,'郁敏'),(878,'彧铖'),(879,'昱兵'),(880,'昱杉'),(881,'峪耒'),(882,'钰婉'),(883,'煜樑'),(884,'元超'),(885,'元东'),(886,'元杰'),(887,'垣'),(888,'圆慧'),(889,'远波'),(890,'远方'),(891,'远浩'),(892,'苑婷'),(893,'瑗'),(894,'月鹏'),(895,'月怡'),(896,'玥丹'),(897,'玥琦'),(898,'悦馨'),(899,'悦越'),(900,'云'),(901,'云涵'),(902,'云航'),(903,'云吉'),(904,'云健'),(905,'云劼'),(906,'云香'),(907,'云越'),(908,'耘'),(909,'运飞'),(910,'韵文'),(911,'韵真'),(912,'蕴'),(913,'赞'),(914,'泽东'),(915,'曾怡'),(916,'增祥'),(917,'占梅'),(918,'钊杨'),(919,'兆'),(920,'兆杰'),(921,'兆瑞'),(922,'兆瑜'),(923,'兆宇'),(924,'照艺'),(925,'哲鸿'),(926,'珍'),(927,'真颖'),(928,'祯娅'),(929,'甄群'),(930,'臻妍'),(931,'振雷'),(932,'正'),(933,'正丹'),(934,'正龙'),(935,'正群'),(936,'正圆'),(937,'正悦'),(938,'政佳'),(939,'之璞'),(940,'之琦'),(941,'之伟'),(942,'之竹'),(943,'芝欣'),(944,'芷菱'),(945,'志江'),(946,'志琴'),(947,'志帅'),(948,'志文'),(949,'志祥'),(950,'志艳'),(951,'治富'),(952,'治昊'),(953,'治敏'),(954,'治全'),(955,'治翔'),(956,'智海'),(957,'智捷'),(958,'智梅'),(959,'中慧'),(960,'中梁'),(961,'中玉'),(962,'忠鑫'),(963,'忠阳'),(964,'仲鑫'),(965,'重阳'),(966,'珠蓉'),(967,'助禹'),(968,'祝蓉'),(969,'子杰'),(970,'子衿'),(971,'子奇'),(972,'子薇'),(973,'子煊'),(974,'子炫'),(975,'姊懿'),(976,'梓同'),(977,'紫惠'),(978,'紫妍'),(979,'宗'),(980,'宗学'),(981,'宗益'),(982,'钻坚'),(983,'佐怡'),(984,'作华');

/*Table structure for table `姓表` */

DROP TABLE IF EXISTS `姓表`;

CREATE TABLE `姓表` (
  `@num:=@num+1` bigint(21) DEFAULT NULL,
  `姓` char(1) DEFAULT NULL
) ENGINE=InnoDB DEFAULT CHARSET=gbk;

/*Data for the table `姓表` */

insert  into `姓表`(`@num:=@num+1`,`姓`) values (1,'艾'),(2,'敖'),(3,'熬'),(4,'卞'),(5,'薄'),(6,'蔡'),(7,'曹'),(8,'岑'),(9,'车'),(10,'陈'),(11,'成'),(12,'程'),(13,'池'),(14,'仇'),(15,'党'),(16,'邓'),(17,'杜'),(18,'房'),(19,'冯'),(20,'甘'),(21,'高'),(22,'葛'),(23,'龚'),(24,'顾'),(25,'关'),(26,'郭'),(27,'何'),(28,'贺'),(29,'衡'),(30,'洪'),(31,'侯'),(32,'胡'),(33,'扈'),(34,'华'),(35,'黄'),(36,'吉'),(37,'计'),(38,'纪'),(39,'季'),(40,'简'),(41,'江'),(42,'姜'),(43,'蒋'),(44,'焦'),(45,'金'),(46,'晋'),(47,'荆'),(48,'井'),(49,'靖'),(50,'鞠'),(51,'孔'),(52,'邝'),(53,'赖'),(54,'郎'),(55,'乐'),(56,'黎'),(57,'李'),(58,'栗'),(59,'连'),(60,'廖'),(61,'林'),(62,'刘'),(63,'卢'),(64,'陆'),(65,'吕'),(66,'罗'),(67,'骆'),(68,'马'),(69,'满'),(70,'梅'),(71,'孟'),(72,'闵'),(73,'明'),(74,'牟'),(75,'木'),(76,'穆'),(77,'宁'),(78,'潘'),(79,'庞'),(80,'裴'),(81,'彭'),(82,'莆'),(83,'亓'),(84,'齐'),(85,'钱'),(86,'乔'),(87,'秦'),(88,'丘'),(89,'邱'),(90,'阙'),(91,'冉'),(92,'任'),(93,'荣'),(94,'阮'),(95,'沙'),(96,'佘'),(97,'师'),(98,'施'),(99,'石'),(100,'史'),(101,'帅'),(102,'宋'),(103,'孙'),(104,'唐'),(105,'陶'),(106,'童'),(107,'涂'),(108,'屠'),(109,'王'),(110,'危'),(111,'韦'),(112,'卫'),(113,'闻'),(114,'翁'),(115,'邬'),(116,'吴'),(117,'奚'),(118,'席'),(119,'萧'),(120,'胥'),(121,'许'),(122,'荀'),(123,'鄢'),(124,'晏'),(125,'阳'),(126,'姚'),(127,'尹'),(128,'于'),(129,'余'),(130,'俞'),(131,'虞'),(132,'庾'),(133,'袁'),(134,'岳'),(135,'臧'),(136,'曾'),(137,'张'),(138,'赵'),(139,'郑'),(140,'智'),(141,'钟'),(142,'周'),(143,'朱'),(144,'诸'),(145,'竹'),(146,'祝'),(147,'庄'),(148,'卓'),(149,'邹');

/*Table structure for table `学生` */

DROP TABLE IF EXISTS `学生`;

CREATE TABLE `学生` (
  `学号` char(9) NOT NULL DEFAULT '',
  `姓名` char(20) DEFAULT NULL,
  `性别` char(2) DEFAULT NULL,
  `出生日期` date DEFAULT NULL,
  `班级号` char(15) DEFAULT NULL,
  `论文题目` char(20) DEFAULT NULL,
  `导师` char(11) DEFAULT '李强',
  `联系方式` int(12) DEFAULT NULL,
  PRIMARY KEY (`学号`)
) ENGINE=InnoDB DEFAULT CHARSET=gbk;

/*Data for the table `学生` */

insert  into `学生`(`学号`,`姓名`,`性别`,`出生日期`,`班级号`,`论文题目`,`导师`,`联系方式`) values ('201700001','廖绍民','男','1998-01-27','计科1701','C语言的应用','李军',1204547641),('201700002','阮傢月','男','1999-06-19','计科1701','python的应用','李强',1547004850),('201700003','木泰吾','女','1998-05-21','计科1701','C++的应用','张勇',1790953453),('201700004','冯琦珈','女','1999-12-06','计科1701','C语言的应用','刘旭',1394845235),('201700005','孔俣珠','女','2000-02-01','计科1701','C语言的应用','李强',1646384141),('201700006','李侨敏','女','1999-09-25','计科1701','C语言的应用','刘旭',1387496248),('201700007','施秀萍','女','2000-06-26','计科1701','C语言的应用','周源彬',1879881411),('201700008','季俪楠','女','1998-09-06','计科1701','C语言的应用','李强',1308491773),('201700009','荣丽珲','男','1999-10-30','计科1701','C语言的应用','李强',1885510869),('201700010','陈君兰','女','2000-09-06','计科1701','C语言的应用','孔孟',1289936374),('201700011','石忆萌','女','2000-08-27','计科1701','C语言的应用','孔孟',1695600493),('201700012','吉兴科','女','1998-03-25','计科1701','C语言的应用','刘大明',1622682706),('201700013','邓能平','男','1998-06-05','计科1701','C语言的应用','王兰',1964531329),('201700014','师玲敏','男','2000-05-27','计科1701','C语言的应用','黄建',1168237804),('201700015','吴华','男','1998-07-05','计科1701','C语言的应用','李军',1318016263),('201700016','乔天成','女','1998-08-11','计科1701','C语言的应用','李军',1271481518),('201700017','袁朝扬','男','1999-05-18','计科1701','C语言的应用','孔孟',1209990800),('201700018','黄思潼','男','1998-02-08','计科1701','C语言的应用','张勇',1620580470),('201700019','栗雪雯','女','1999-10-22','计科1701','C语言的应用','黄建',1502814310),('201700020','曾亚兰','女','1999-03-06','计科1701','C语言的应用','孔孟',1403921400),('201700021','牟兴','男','1998-01-05','计科1701','C语言的应用','孔孟',1198576129),('201700022','岑汉涛','男','2000-02-28','计科1701','C语言的应用','李强',1887368892),('201700023','阳月怡','女','1998-05-19','计科1701','C语言的应用','刘大明',1104228315),('201700024','庞津明','女','1999-09-30','计科1701','C语言的应用','黄建',1700905011),('201700025','蔡迷','男','1999-02-24','计科1701','C语言的应用','刘军',1565603008),('201700026','艾政佳','女','1999-09-13','计科1701','C语言的应用','刘旭',1258961421),('201700027','施宏远','女','1998-09-01','计科1701','C语言的应用','李军',1392721591),('201700028','赖倾城','男','2000-09-12','计科1701','C语言的应用','刘旭',1213020685),('201700029','虞雨伦','女','1998-12-28','计科1701','C语言的应用','黄建',1403117589),('201700030','尹美梅','女','1998-10-07','计科1701','C语言的应用','黄建',1691418061),('201700031','胥真颖','女','1998-08-02','计科1701','C语言的应用','刘大明',1210254898),('201700032','任金桃','女','1998-02-26','计科1701','C语言的应用','李强',1571605184),('201700033','齐伟嘉','男','1999-03-06','计科1701','C语言的应用','张勇',1774956905),('201700034','石刚杰','男','1999-11-01','计科1701','C语言的应用','李军',1743007785),('201700035','靖佳丽','男','1999-11-07','计科1701','C语言的应用','孔孟',1634781843),('201700036','冉绢','女','1999-07-07','计科1701','C语言的应用','刘旭',1727989128),('201700037','洪浩桐','男','1999-08-08','计科1701','C语言的应用','刘大明',1643933687),('201700038','乐安松','女','2000-01-26','计科1701','C语言的应用','张勇',1495402384),('201700039','纪松皓','男','1999-07-09','计科1701','C语言的应用','孔孟',1218079863),('201700040','曾威鉴','女','1999-04-10','计科1701','C语言的应用','李军',1589087784),('201700041','廖鸿阳','女','1999-10-07','计科1702','C语言的应用','刘旭',1145232717),('201700042','钱琳颖','男','1999-02-27','计科1702','C语言的应用','张勇',1822053472),('201700043','庞金婷','男','1998-04-16','计科1702','C语言的应用','李强',1344540387),('201700044','卞刚杰','女','1998-01-12','计科1702','C语言的应用','张勇',1410453486),('201700045','宋登勇','女','2000-06-30','计科1702','C语言的应用','李强',1628063306),('201700046','帅家锐','女','2000-06-07','计科1702','C语言的应用','孔孟',1971635687),('201700047','孟仕炜','女','1998-12-02','计科1702','C语言的应用','刘大明',1323343791),('201700048','阮治富','女','1998-04-19','计科1702','C语言的应用','孔孟',1317205998),('201700049','张兴科','女','2000-08-09','计科1702','C语言的应用','李强',1173720508),('201700050','王雨之','男','1999-11-04','计科1702','C语言的应用','李强',1942626799),('201700051','林翠瑶','女','1998-02-15','计科1702','C语言的应用','李强',1931879070),('201700052','明筱','男','1999-08-07','计科1702','C语言的应用','李军',1592780515),('201700053','靖世衡','女','1999-12-17','计科1702','C语言的应用','周源彬',1970646716),('201700054','孙绿','男','1998-01-01','计科1702','C语言的应用','黄建',1862492940),('201700055','吕念祥','女','1999-10-23','计科1702','C语言的应用','张勇',1706472613),('201700056','赵锡梅','女','1999-01-16','计科1702','C语言的应用','刘军',1886773972),('201700057','庞奕军','男','1999-11-11','计科1702','C语言的应用','张勇',1656763558),('201700058','邬阿晨','男','1998-07-09','计科1702','C语言的应用','李军',1949543864),('201700059','袁芮松','女','1999-07-01','计科1702','C语言的应用','刘军',1739454125),('201700060','郭月怡','女','1999-10-24','计科1702','C语言的应用','刘旭',1180143638),('201700061','简淑龙','男','1999-09-11','计科1702','C语言的应用','李军',1318019461),('201700062','党冰雁','女','1998-12-10','计科1702','C语言的应用','周源彬',1171059069),('201700063','秦迷','女','1998-05-17','计科1702','C语言的应用','刘军',1224026934),('201700064','穆宇洋','男','1999-09-30','计科1702','C语言的应用','刘旭',1477020913),('201700065','薄安强','女','2000-03-18','计科1702','C语言的应用','刘大明',1810587543),('201700066','敖青岚','女','1999-09-14','计科1702','C语言的应用','刘大明',1185943501),('201700067','高靖璇','男','1998-04-30','计科1702','C语言的应用','李军',1380483953),('201700068','木靖璇','男','2000-07-26','计科1702','C语言的应用','张勇',1390994811),('201700069','许辉茗','男','1999-11-09','计科1702','C语言的应用','孔孟',1634859852),('201700070','亓继贤','男','1999-08-29','计科1702','C语言的应用','李强',1658522252),('201700071','井金平','女','1998-07-23','计科1702','C语言的应用','刘军',1297258764),('201700072','荀璞君','男','1999-11-14','计科1702','C语言的应用','张勇',1598533788),('201700073','智泰吾','男','1999-06-18','计科1702','C语言的应用','黄建',1723243622),('201700074','计兆杰','男','2000-06-19','计科1702','C语言的应用','刘大明',1996788893),('201700075','佘孟明','女','1998-03-18','计科1702','C语言的应用','刘大明',1512318392),('201700076','邹若桦','女','1999-12-12','计科1702','C语言的应用','周源彬',1568889916),('201700077','俞守金','男','1999-09-18','计科1702','C语言的应用','王兰',1492945595),('201700078','庞中慧','男','1998-12-08','计科1702','C语言的应用','王兰',1773795880),('201700079','卢小可','男','1998-08-11','计科1702','C语言的应用','王兰',1399191403),('201700080','车顺娟','男','2000-08-07','计科1702','C语言的应用','黄建',1592299113),('201700081','姜达铖','男','1999-01-14','计科1703','C语言的应用','刘军',1572329390),('201700082','卞旺北','男','1998-10-09','计科1703','C语言的应用','孔孟',1813934415),('201700083','阳文源','女','1998-05-09','计科1703','C语言的应用','刘大明',1243013358),('201700084','衡中玉','男','1999-12-02','计科1703','C语言的应用','王兰',1475809687),('201700085','庾秋茹','女','2000-07-28','计科1703','C语言的应用','李强',1963887398),('201700086','臧奕龄','女','1998-05-30','计科1703','C语言的应用','刘旭',1307376095),('201700087','计瑜阳','男','1998-07-18','计科1703','C语言的应用','周源彬',1949860520),('201700088','孔庆禹','男','1998-02-11','计科1703','C语言的应用','孔孟',1771685881),('201700089','罗会姣','男','1999-11-28','计科1703','C语言的应用','黄建',1206633727),('201700090','赖会姣','男','2000-07-30','计科1703','C语言的应用','刘军',1964696708),('201700091','甘侁','女','1998-02-15','计科1703','C语言的应用','王兰',1447437294),('201700092','卞肖月','男','1999-05-21','计科1703','C语言的应用','黄建',1896278680),('201700093','鞠旺丹','男','1998-06-13','计科1703','C语言的应用','李强',1828604351),('201700094','焦才伟','男','1999-11-15','计科1703','C语言的应用','孔孟',1107956650),('201700095','孟亚君','女','1998-12-19','计科1703','C语言的应用','孔孟',1575261843),('201700096','吉宏远','男','1999-11-06','计科1703','C语言的应用','孔孟',1386065907),('201700097','石家欣','女','1998-08-02','计科1703','C语言的应用','刘旭',1918660682),('201700098','庾航民','女','1999-05-09','计科1703','C语言的应用','周源彬',1346781540),('201700099','闻侁','女','2000-09-22','计科1703','C语言的应用','王兰',1284275755),('201700100','马富言','男','1998-06-19','计科1703','C语言的应用','黄建',1126111116),('201700101','郎能学','男','1999-11-04','计科1703','C语言的应用','黄建',1154462178),('201700102','晏运飞','女','1999-07-04','计科1703','C语言的应用','黄建',1900393278),('201700103','孟云航','男','2000-09-13','计科1703','C语言的应用','周源彬',1576283721),('201700104','邓大亨','男','1999-01-19','计科1703','C语言的应用','李强',1539426044),('201700105','敖曼','男','1998-03-01','计科1703','C语言的应用','刘大明',1248852810),('201700106','鞠孟初','女','1999-08-16','计科1703','C语言的应用','王兰',1816581919),('201700107','曾成','女','1999-02-17','计科1703','C语言的应用','李军',1629296394),('201700108','何小利','男','1998-09-09','计科1703','C语言的应用','周源彬',1322937900),('201700109','臧春坚','男','1999-03-28','计科1703','C语言的应用','刘大明',1825169404),('201700110','骆怡鹞','男','1999-08-25','计科1703','C语言的应用','黄建',1596179712),('201700111','连芯怡','男','1998-01-20','计科1703','C语言的应用','王兰',1750941419),('201700112','洪晓琼','女','1999-12-22','计科1703','C语言的应用','李军',1101404566),('201700113','卓梦可','女','1998-04-17','计科1703','C语言的应用','李强',1710022231),('201700114','钟乐怡','女','1998-02-12','计科1703','C语言的应用','黄建',1809560540),('201700115','池莉冰','男','1999-12-01','计科1703','C语言的应用','周源彬',1370996671),('201700116','施亚轩','女','1998-11-04','计科1703','C语言的应用','周源彬',1837098653),('201700117','宋盛智','男','1998-03-30','计科1703','C语言的应用','李强',1510769472),('201700118','穆贝加','女','1999-02-24','计科1703','C语言的应用','李军',1687016048),('201700119','祝雪桦','男','2000-07-29','计科1703','C语言的应用','李军',1833433994),('201700120','薄蒙恩','男','1998-08-16','计科1703','C语言的应用','刘旭',1566569899),('201700121','佘鸿阳','男','1998-01-17','信管1701','C语言的应用','张勇',1570351587),('201700122','卫雨濛','女','1998-08-25','信管1701','C语言的应用','刘军',1726248281),('201700123','卞明富','男','2000-01-14','信管1701','C语言的应用','李强',1175391199),('201700124','金曾怡','男','1998-05-28','信管1701','C语言的应用','李强',1215815231),('201700125','荣意隆','男','1999-06-14','信管1701','C语言的应用','黄建',1849059950),('201700126','张秀蓉','男','1998-04-27','信管1701','C语言的应用','孔孟',1997483850),('201700127','石九洲','男','1998-01-25','信管1701','C语言的应用','刘军',1563409742),('201700128','晏莹悦','男','1998-06-27','信管1701','C语言的应用','李军',1610856616),('201700129','佘云劼','男','1999-05-30','信管1701','C语言的应用','刘大明',1483754312),('201700130','彭能平','女','1998-07-10','信管1701','C语言的应用','李军',1855609219),('201700131','成雨伦','女','2000-08-27','信管1701','C语言的应用','李军',1514669232),('201700132','穆佳龙','女','2000-01-05','信管1701','C语言的应用','孔孟',1766109614),('201700133','莆苛政','男','2000-07-26','信管1701','C语言的应用','黄建',1868538843),('201700134','姚彩慧','男','1998-12-06','信管1701','C语言的应用','刘大明',1932027076),('201700135','骆洪忆','男','1999-11-22','信管1701','C语言的应用','黄建',1357276822),('201700136','蒋睿迪','男','2000-07-25','信管1701','C语言的应用','张勇',1287812396),('201700137','仇诗迪','女','1998-12-19','信管1701','C语言的应用','刘旭',1101013140),('201700138','奚维乐','女','1999-03-16','信管1701','C语言的应用','张勇',1688331173),('201700139','冉诗琴','男','1998-12-23','信管1701','C语言的应用','刘旭',1825575761),('201700140','池舒晗','男','1999-10-16','信管1701','C语言的应用','周源彬',1489900256),('201700141','靖睎','男','1998-03-04','信管1701','C语言的应用','王兰',1182460171),('201700142','邬万辉','女','2000-01-18','信管1701','C语言的应用','李军',1361439554),('201700143','尹欣诺','男','1998-05-11','信管1701','C语言的应用','黄建',1241782669),('201700144','岑红根','男','1999-08-17','信管1701','C语言的应用','刘军',1382718958),('201700145','竹家波','男','1998-10-24','信管1701','C语言的应用','王兰',1294038745),('201700146','曹国情','男','1999-07-14','信管1701','C语言的应用','刘军',1555415207),('201700147','祝文源','男','1999-04-09','信管1701','C语言的应用','李军',1456633186),('201700148','扈中玉','男','1998-03-20','信管1701','C语言的应用','李强',1551356645),('201700149','扈倾城','女','2000-05-19','信管1701','C语言的应用','周源彬',1678033781),('201700150','俞术青','男','1998-12-16','信管1701','C语言的应用','李强',1555279941),('201700151','周宇粹','女','1998-07-01','信管1701','C语言的应用','张勇',1943086010),('201700152','吉沐','女','1998-08-15','信管1701','C语言的应用','黄建',1897697736),('201700153','熬明源','女','1998-04-03','信管1701','C语言的应用','周源彬',1120722508),('201700154','黎秋雪','男','1999-07-03','信管1701','C语言的应用','李军',1969245092),('201700155','冉鲸泳','女','2000-09-08','信管1701','C语言的应用','刘大明',1699534117),('201700156','闵强林','男','1998-02-08','信管1701','C语言的应用','张勇',1605810295),('201700157','姚川文','女','2000-03-03','信管1701','C语言的应用','周源彬',1234701220),('201700158','冉海浪','男','1999-01-07','信管1701','C语言的应用','张勇',1531090784),('201700159','闵之伟','男','2000-02-26','信管1701','C语言的应用','周源彬',1746991531),('201700160','卞心韵','男','1999-04-01','信管1701','C语言的应用','周源彬',1982235992),('201700161','邝庚华','女','1999-12-16','信管1702','C语言的应用','刘军',1350609138),('201700162','牟之伟','女','2000-03-05','信管1702','C语言的应用','刘军',1921046711),('201700163','明晓霏','男','1998-08-25','信管1702','C语言的应用','王兰',1801424104),('201700164','阙洪艳','男','1998-01-18','信管1702','C语言的应用','李军',1416672568),('201700165','尹琼','女','1999-07-08','信管1702','C语言的应用','黄建',1138031896),('201700166','扈男','女','1998-07-26','信管1702','C语言的应用','孔孟',1754323302),('201700167','黄朦倩','女','1999-09-26','信管1702','C语言的应用','刘军',1707280959),('201700168','庞雪银','女','1998-04-21','信管1702','C语言的应用','孔孟',1463735145),('201700169','蔡荣明','女','1999-01-08','信管1702','C语言的应用','王兰',1714091499),('201700170','鞠明春','女','2000-03-27','信管1702','C语言的应用','周源彬',1149690092),('201700171','卞琛彦','女','1998-01-20','信管1702','C语言的应用','黄建',1748355570),('201700172','房乐忆','男','2000-01-23','信管1702','C语言的应用','刘旭',1889181110),('201700173','华田甜','男','1998-05-02','信管1702','C语言的应用','李强',1449208136),('201700174','顾绪聃','女','1998-09-13','信管1702','C语言的应用','王兰',1177491736),('201700175','廖之琦','男','1999-11-29','信管1702','C语言的应用','刘军',1167286505),('201700176','庄浩茗','男','1998-02-24','信管1702','C语言的应用','周源彬',1386973476),('201700177','房畅昶','男','1999-11-14','信管1702','C语言的应用','孔孟',1314594548),('201700178','连彩慧','男','2000-06-16','信管1702','C语言的应用','周源彬',1350771703),('201700179','贺南杰','男','1998-12-19','信管1702','C语言的应用','李强',1926191223),('201700180','高甄群','男','1998-03-22','信管1702','C语言的应用','王兰',1254744908),('201700181','何凡雨','女','1999-08-27','信管1702','C语言的应用','刘军',1219348021),('201700182','牟峰屹','女','1999-05-29','信管1702','C语言的应用','刘大明',1865454617),('201700183','曾家越','男','2000-08-27','信管1702','C语言的应用','刘军',1888063941),('201700184','车兆瑜','女','1999-01-08','信管1702','C语言的应用','李军',1329687599),('201700185','沙涵睿','女','1998-02-05','信管1702','C语言的应用','刘大明',1796007560),('201700186','吴小燕','男','2000-03-15','信管1702','C语言的应用','王兰',1302199411),('201700187','郎治富','男','2000-04-02','信管1702','C语言的应用','李军',1430823949),('201700188','侯媄麟','女','2000-04-24','信管1702','C语言的应用','孔孟',1813536658),('201700189','涂嘉伦','女','1999-09-01','信管1702','C语言的应用','孔孟',1268552047),('201700190','赵曾怡','男','1999-12-15','信管1702','C语言的应用','李军',1234220050),('201700191','丘耀阳','女','2000-03-05','信管1702','C语言的应用','刘军',1656387896),('201700192','华艺怀','女','1998-03-13','信管1702','C语言的应用','李强',1877923394),('201700193','乐海林','女','1999-10-29','信管1702','C语言的应用','刘旭',1336681852),('201700194','池峪耒','男','1999-10-14','信管1702','C语言的应用','王兰',1552857074),('201700195','吴永超','男','1998-01-31','信管1702','C语言的应用','王兰',1927715423),('201700196','关丽珲','女','2000-04-07','信管1702','C语言的应用','王兰',1106789774),('201700197','房宏远','男','1998-03-07','信管1702','C语言的应用','李军',1988154013),('201700198','牟春葵','女','2000-01-18','信管1702','C语言的应用','李强',1855674155),('201700199','庄天罡','女','1998-08-30','信管1702','C语言的应用','周源彬',1779529277),('201700200','蒋翔宇','女','1998-07-17','信管1702','C语言的应用','黄建',1413075515),('201700201','闻永琳','男','1999-12-04','信管1703','C语言的应用','李强',1620306091),('201700202','侯楚云','女','1999-12-28','信管1703','C语言的应用','刘旭',1718211118),('201700203','危祎','男','1998-04-12','信管1703','C语言的应用','孔孟',1502495113),('201700204','姚寻','男','1998-11-22','信管1703','C语言的应用','李军',1939026917),('201700205','艾恒祯','女','1998-11-30','信管1703','C语言的应用','李强',1377922418),('201700206','杜玉垚','女','1998-07-27','信管1703','C语言的应用','刘旭',1176448924),('201700207','蒋德义','女','1998-04-19','信管1703','C语言的应用','黄建',1702084209),('201700208','宋梦可','女','1999-08-18','信管1703','C语言的应用','周源彬',1733915243),('201700209','成少帅','女','2000-01-03','信管1703','C语言的应用','周源彬',1493796646),('201700210','宁彧铖','男','1999-04-06','信管1703','C语言的应用','王兰',1217965476),('201700211','庾庆威','女','1999-11-16','信管1703','C语言的应用','黄建',1558761570),('201700212','栗宗益','女','1999-02-25','信管1703','C语言的应用','刘军',1791662742),('201700213','马孟初','男','2000-07-09','信管1703','C语言的应用','孔孟',1291185320),('201700214','荀胜曙','女','1998-03-24','信管1703','C语言的应用','黄建',1809831427),('201700215','关胜曙','男','1999-10-02','信管1703','C语言的应用','周源彬',1104714500),('201700216','郎芮松','女','1998-12-07','信管1703','C语言的应用','黄建',1805002568),('201700217','熬青梅','女','1999-01-08','信管1703','C语言的应用','张勇',1924515395),('201700218','郎丽红','男','1998-06-23','信管1703','C语言的应用','刘大明',1599957000),('201700219','俞亚琴','女','1999-03-13','信管1703','C语言的应用','周源彬',1997571434),('201700220','邬熹薇','女','1999-09-23','信管1703','C语言的应用','周源彬',1930683397),('201700221','胡顶亮','女','1999-02-04','信管1703','C语言的应用','黄建',1823271247),('201700222','扈元杰','女','2000-01-01','信管1703','C语言的应用','张勇',1290639765),('201700223','井秋成','女','1998-03-18','信管1703','C语言的应用','刘军',1147861188),('201700224','秦永琳','女','2000-06-18','信管1703','C语言的应用','周源彬',1910674031),('201700225','华世震','男','2000-01-10','信管1703','C语言的应用','李强',1864252837),('201700226','邱泰吾','女','1998-02-28','信管1703','C语言的应用','刘大明',1692930756),('201700227','曾代秀','女','1998-01-29','信管1703','C语言的应用','王兰',1816272809),('201700228','甘田甜','女','1998-05-18','信管1703','C语言的应用','孔孟',1421764763),('201700229','蒋雪银','男','1999-04-02','信管1703','C语言的应用','李军',1501895712),('201700230','穆晓华','男','1999-01-26','信管1703','C语言的应用','黄建',1182821603),('201700231','罗宗','男','1999-07-19','信管1703','C语言的应用','张勇',1232107193),('201700232','池朋强','男','1998-03-19','信管1703','C语言的应用','黄建',1266909357),('201700233','于鸿阳','女','1999-06-20','信管1703','C语言的应用','孔孟',1936993586),('201700234','宋小柳','男','1999-12-24','信管1703','C语言的应用','张勇',1988868862),('201700235','齐之竹','女','1999-09-15','信管1703','C语言的应用','刘大明',1738980274),('201700236','唐秋胜','男','2000-06-25','信管1703','C语言的应用','刘军',1504215115),('201700237','计莹倩','男','1999-07-13','信管1703','C语言的应用','周源彬',1275417301),('201700238','孔安洪','女','1999-04-04','信管1703','C语言的应用','李强',1583174072),('201700239','胡译心','女','2000-02-02','信管1703','C语言的应用','刘大明',1487620216),('201700240','计一帆','女','1999-11-21','信管1703','C语言的应用','孔孟',1447035333),('201700241','侯旭成','男','2000-04-15','物联网1701','C语言的应用','黄建',1867704222),('201700242','于富言','女','1999-10-19','物联网1701','C语言的应用','王兰',1938737321),('201700243','胡宏阳','女','1998-04-18','物联网1701','C语言的应用','王兰',1357100654),('201700244','蒋会姣','男','1999-07-28','物联网1701','C语言的应用','李强',1896537943),('201700245','闻宗益','女','1998-04-29','物联网1701','C语言的应用','周源彬',1600786169),('201700246','秦乐怡','女','1998-02-11','物联网1701','C语言的应用','刘大明',1510279099),('201700247','骆能平','女','1998-04-29','物联网1701','C语言的应用','刘旭',1560185023),('201700248','邝朝杨','男','1998-02-19','物联网1701','C语言的应用','黄建',1735192371),('201700249','郑香鱼','女','1998-12-19','物联网1701','C语言的应用','周源彬',1421486153),('201700250','师达显','男','1999-07-16','物联网1701','C语言的应用','李军',1528813986),('201700251','宋家锐','男','1998-11-23','物联网1701','C语言的应用','李强',1846018620),('201700252','秦宏雨','女','1998-11-08','物联网1701','C语言的应用','周源彬',1690493571),('201700253','连纹','女','2000-07-13','物联网1701','C语言的应用','李军',1428689516),('201700254','牟烈梅','女','2000-05-14','物联网1701','C语言的应用','张勇',1524659437),('201700255','虞金莲','女','1998-11-26','物联网1701','C语言的应用','黄建',1528036457),('201700256','靖易理','女','1998-01-10','物联网1701','C语言的应用','李强',1284563779),('201700257','牟烈梅','女','1998-05-11','物联网1701','C语言的应用','王兰',1955074448),('201700258','熬若昕','男','1999-02-19','物联网1701','C语言的应用','张勇',1244573781),('201700259','危晓华','男','1998-10-07','物联网1701','C语言的应用','周源彬',1899999369),('201700260','杜孟初','男','1998-03-28','物联网1701','C语言的应用','刘旭',1604465930),('201700261','秦芮岑','女','1999-05-03','物联网1701','C语言的应用','张勇',1595244798),('201700262','乐艳霖','男','1999-06-10','物联网1701','C语言的应用','刘大明',1483099592),('201700263','计家欣','女','1999-04-05','物联网1701','C语言的应用','刘军',1499079455),('201700264','师茜','男','1999-02-21','物联网1701','C语言的应用','刘大明',1483668139),('201700265','蔡琰铭','男','2000-04-16','物联网1701','C语言的应用','孔孟',1270155448),('201700266','孔立津','女','1998-03-18','物联网1701','C语言的应用','孔孟',1375012618),('201700267','焦笑月','男','2000-04-12','物联网1701','C语言的应用','刘军',1469390080),('201700268','贺悦越','男','2000-01-16','物联网1701','C语言的应用','王兰',1680838456),('201700269','郑占梅','女','1999-01-26','物联网1701','C语言的应用','周源彬',1697809443),('201700270','卢铜敏','男','1998-03-01','物联网1701','C语言的应用','李军',1904057380),('201700271','史立君','女','1999-02-04','物联网1701','C语言的应用','刘旭',1490558123),('201700272','曹淑娇','男','1998-04-13','物联网1701','C语言的应用','刘大明',1742800303),('201700273','成勤波','男','1999-01-24','物联网1701','C语言的应用','王兰',1648102184),('201700274','潘诗羽','男','1999-06-16','物联网1701','C语言的应用','刘军',1843951822),('201700275','任启惠','女','2000-04-02','物联网1701','C语言的应用','孔孟',1841668847),('201700276','陶耀阳','女','1999-08-31','物联网1701','C语言的应用','张勇',1571173926),('201700277','危椿凌','男','1999-07-22','物联网1701','C语言的应用','刘旭',1601895841),('201700278','曹添鑫','女','1998-04-30','物联网1701','C语言的应用','黄建',1431785371),('201700279','阳阿晨','女','2000-08-02','物联网1701','C语言的应用','刘军',1994913640),('201700280','龚进','女','1998-04-17','物联网1701','C语言的应用','黄建',1653542987),('201700281','党永恒','女','2000-02-09','物联网1702','C语言的应用','周源彬',1953503538),('201700282','卞嘉淇','女','1998-08-10','物联网1702','C语言的应用','李强',1173277969),('201700283','岑若挺','男','2000-02-22','物联网1702','C语言的应用','刘大明',1156896889),('201700284','纪译心','女','2000-01-10','物联网1702','C语言的应用','孔孟',1730237585),('201700285','贺其勇','男','2000-06-04','物联网1702','C语言的应用','刘大明',1295547789),('201700286','满桂爽','女','2000-07-01','物联网1702','C语言的应用','刘旭',1201142061),('201700287','竹静维','女','1998-04-05','物联网1702','C语言的应用','李军',1513156242),('201700288','罗沛铖','男','2000-03-31','物联网1702','C语言的应用','李军',1935076531),('201700289','宋祎','男','1999-04-03','物联网1702','C语言的应用','黄建',1755140544),('201700290','童语杉','男','2000-07-23','物联网1702','C语言的应用','刘旭',1126413800),('201700291','薄维乐','女','2000-03-27','物联网1702','C语言的应用','周源彬',1191522508),('201700292','彭博扬','男','1998-12-26','物联网1702','C语言的应用','周源彬',1484573331),('201700293','荀中梁','女','1998-04-30','物联网1702','C语言的应用','黄建',1340238773),('201700294','任来宾','男','1999-09-11','物联网1702','C语言的应用','刘军',1762118733),('201700295','乔潇锦','女','1998-05-06','物联网1702','C语言的应用','刘旭',1811092949),('201700296','高心帅','男','1998-12-19','物联网1702','C语言的应用','孔孟',1667130572),('201700297','师丽宇','男','2000-06-18','物联网1702','C语言的应用','刘旭',1621054247),('201700298','程恩彪','女','1998-11-05','物联网1702','C语言的应用','张勇',1112586400),('201700299','计入华','女','1998-05-08','物联网1702','C语言的应用','张勇',1188867031),('201700300','袁俊圩','女','2000-08-22','物联网1702','C语言的应用','黄建',1654605934),('201700301','罗体超','女','1998-04-22','物联网1702','C语言的应用','李军',1798069106),('201700302','曹祝蓉','男','1998-06-09','物联网1702','C语言的应用','周源彬',1148979776),('201700303','陈静维','女','2000-04-27','物联网1702','C语言的应用','张勇',1919917630),('201700304','吕培柱','女','1998-12-14','物联网1702','C语言的应用','周源彬',1879750337),('201700305','裴凡居','女','2000-09-07','物联网1702','C语言的应用','周源彬',1982591808),('201700306','蒋照艺','女','2000-08-10','物联网1702','C语言的应用','孔孟',1556204265),('201700307','孟筠菡','女','2000-02-15','物联网1702','C语言的应用','黄建',1570998672),('201700308','熬青梅','男','1999-05-14','物联网1702','C语言的应用','李强',1152568531),('201700309','程金玉','女','1999-05-09','物联网1702','C语言的应用','李军',1180361917),('201700310','何若昕','男','1998-05-25','物联网1702','C语言的应用','刘军',1862942900),('201700311','林永臣','女','1999-05-19','物联网1702','C语言的应用','李强',1180920039),('201700312','连敬宇','女','1998-04-14','物联网1702','C语言的应用','王兰',1674466900),('201700313','李秋瑾','男','1999-02-26','物联网1702','C语言的应用','王兰',1852770906),('201700314','闻洪波','女','1999-10-27','物联网1702','C语言的应用','李军',1109928079),('201700315','秦明澍','女','2000-07-16','物联网1702','C语言的应用','王兰',1921918879),('201700316','成艳霖','女','1999-02-07','物联网1702','C语言的应用','李军',1539200117),('201700317','钱佳曼','女','1998-11-06','物联网1702','C语言的应用','王兰',1364405782),('201700318','亓绢','男','2000-09-09','物联网1702','C语言的应用','刘旭',1515746789),('201700319','智荣曜','男','1998-08-10','物联网1702','C语言的应用','周源彬',1770128295),('201700320','孙娟娟','男','2000-01-16','物联网1702','C语言的应用','刘军',1248829046),('201700321','简家柠','男','2000-09-06','物联网1703','C语言的应用','孔孟',1925084018),('201700322','焦晓璐','女','2000-01-23','物联网1703','C语言的应用','周源彬',1714111450),('201700323','施姊懿','男','1999-06-12','物联网1703','C语言的应用','李军',1594133429),('201700324','冯安洁','女','1999-05-08','物联网1703','C语言的应用','王兰',1545363731),('201700325','孙茂余','女','1998-04-25','物联网1703','C语言的应用','黄建',1820676655),('201700326','邹家锐','女','1999-09-15','物联网1703','C语言的应用','李军',1185283313),('201700327','鄢国情','男','1999-02-25','物联网1703','C语言的应用','李强',1796481720),('201700328','晏秋胜','男','1998-01-27','物联网1703','C语言的应用','王兰',1473895108),('201700329','佘林针','女','1999-11-30','物联网1703','C语言的应用','黄建',1382820226),('201700330','栗天','女','1999-12-26','物联网1703','C语言的应用','刘大明',1419434993),('201700331','计涵子','男','2000-07-14','物联网1703','C语言的应用','周源彬',1582789502),('201700332','孙曾怡','男','2000-01-10','物联网1703','C语言的应用','张勇',1921218157),('201700333','阳小可','男','1998-07-08','物联网1703','C语言的应用','张勇',1227873428),('201700334','于红秋','男','1998-10-23','物联网1703','C语言的应用','李强',1553914695),('201700335','师佾艳','男','2000-04-18','物联网1703','C语言的应用','张勇',1990417150),('201700336','沙珑环','女','1999-01-10','物联网1703','C语言的应用','李强',1486168269),('201700337','焦泰吾','男','2000-03-14','物联网1703','C语言的应用','李军',1206381435),('201700338','阙诗琴','男','2000-04-16','物联网1703','C语言的应用','刘旭',1329051189),('201700339','赖林针','男','1998-02-11','物联网1703','C语言的应用','刘大明',1510401618),('201700340','池培娟','女','1998-08-29','物联网1703','C语言的应用','李强',1381822222),('201700341','潘九洲','男','1999-11-15','物联网1703','C语言的应用','李军',1608167231),('201700342','姚淑龙','女','1999-05-01','物联网1703','C语言的应用','李军',1653921425),('201700343','房懿纯','男','1999-02-21','物联网1703','C语言的应用','刘大明',1466192790),('201700344','罗明华','女','2000-01-31','物联网1703','C语言的应用','周源彬',1378848573),('201700345','房建君','男','1998-01-13','物联网1703','C语言的应用','王兰',1851260112),('201700346','屠思凡','女','1999-11-05','物联网1703','C语言的应用','孔孟',1344155558),('201700347','冯维乐','男','1998-09-10','物联网1703','C语言的应用','刘大明',1578095970),('201700348','邱明亮','男','2000-06-18','物联网1703','C语言的应用','刘军',1143214508),('201700349','乐秀萍','男','1998-06-02','物联网1703','C语言的应用','李强',1924759442),('201700350','竹宏雨','男','1999-02-16','物联网1703','C语言的应用','周源彬',1529668244),('201700351','华茂珊','男','2000-06-11','物联网1703','C语言的应用','李强',1114105034),('201700352','萧国秋','男','2000-04-03','物联网1703','C语言的应用','李强',1890311060),('201700353','阙钰婉','男','1998-01-21','物联网1703','C语言的应用','李强',1742672122),('201700354','曹茗琦','男','2000-02-18','物联网1703','C语言的应用','李强',1821288803),('201700355','甘月怡','女','1999-07-13','物联网1703','C语言的应用','李强',1579489769),('201700356','尹丁峰','男','1999-09-25','物联网1703','C语言的应用','李强',1246615947),('201700357','艾金平','女','2000-04-11','物联网1703','C语言的应用','李强',1741909370),('201700358','晋伊文','女','2000-05-18','物联网1703','C语言的应用','李强',1905562773),('201700359','卫雪银','男','2000-09-16','物联网1703','C语言的应用','刘大明',1193977904),('201700360','卢柳','男','2000-02-14','物联网1703','C语言的应用','李军',1911331231);

/*Table structure for table `班级` */

DROP TABLE IF EXISTS `班级`;

CREATE TABLE `班级` (
  `班级号` char(9) NOT NULL,
  `班级名` varchar(100) DEFAULT NULL,
  `班主任` varchar(100) DEFAULT NULL,
  PRIMARY KEY (`班级号`)
) ENGINE=InnoDB DEFAULT CHARSET=gbk;

/*Data for the table `班级` */

/*Table structure for table `班级表` */

DROP TABLE IF EXISTS `班级表`;

CREATE TABLE `班级表` (
  `班级号` char(11) NOT NULL DEFAULT '',
  `班级名` char(11) DEFAULT NULL,
  `班主任` char(11) DEFAULT NULL,
  PRIMARY KEY (`班级号`)
) ENGINE=InnoDB DEFAULT CHARSET=gbk;

/*Data for the table `班级表` */

insert  into `班级表`(`班级号`,`班级名`,`班主任`) values ('B01','计科1701','赵兵'),('B02','计科1702','李强'),('B03','计科1703','张勇'),('B04','信管1701','王兰'),('B05','信管1702','雷波'),('B06','信管1703','黄建'),('B07','物联网1701','潘浩'),('B08','物联网1702','张勇'),('B09','物联网1703','成铃');

/*Table structure for table `籍贯表` */

DROP TABLE IF EXISTS `籍贯表`;

CREATE TABLE `籍贯表` (
  `id` int(11) DEFAULT NULL,
  `籍贯` varchar(8) DEFAULT NULL
) ENGINE=InnoDB DEFAULT CHARSET=gbk;

/*Data for the table `籍贯表` */

insert  into `籍贯表`(`id`,`籍贯`) values (1,'雅安'),(2,'成都'),(3,'绵阳'),(4,'广元'),(5,'都江堰'),(6,'西昌'),(7,'宜宾'),(8,'泸州'),(9,'南充'),(10,'巴中');

/*Table structure for table `老师` */

DROP TABLE IF EXISTS `老师`;

CREATE TABLE `老师` (
  `教师号` char(9) NOT NULL,
  `专业号` char(9) NOT NULL,
  `姓名` varchar(100) DEFAULT NULL,
  `性别` varchar(40) DEFAULT NULL,
  `出生日期` date DEFAULT NULL,
  `婚否` int(11) DEFAULT NULL,
  `籍贯` varchar(100) DEFAULT NULL,
  `联系方式` char(11) DEFAULT NULL,
  PRIMARY KEY (`教师号`),
  KEY `FK_一个专业可以有多个老师，但一个老师只能在一个专业` (`专业号`),
  CONSTRAINT `FK_一个专业可以有多个老师，但一个老师只能在一个专业` FOREIGN KEY (`专业号`) REFERENCES `专业` (`专业号`)
) ENGINE=InnoDB DEFAULT CHARSET=gbk;

/*Data for the table `老师` */

/*Table structure for table `老师表` */

DROP TABLE IF EXISTS `老师表`;

CREATE TABLE `老师表` (
  `教师号` char(11) NOT NULL DEFAULT '',
  `姓名` char(11) DEFAULT NULL,
  `性别` char(11) DEFAULT NULL,
  `出生日期` date DEFAULT NULL,
  `婚否` int(11) DEFAULT NULL,
  `籍贯` char(11) DEFAULT NULL,
  `联系方式` char(11) DEFAULT NULL,
  PRIMARY KEY (`教师号`)
) ENGINE=InnoDB DEFAULT CHARSET=gbk;

/*Data for the table `老师表` */

insert  into `老师表`(`教师号`,`姓名`,`性别`,`出生日期`,`婚否`,`籍贯`,`联系方式`) values ('T01','李军','男','1970-01-05',1,'四川雅安','18383571001'),('T02','李强','男','1974-01-05',0,'四川雅安','18383571002'),('T03','张勇','男','1974-02-09',1,'四川雅安','18383571003'),('T04','王兰','女','1979-04-05',0,'四川雅安','18383571004'),('T05','雷波','男','1970-12-05',1,'四川雅安','18383571005'),('T06','黄建','男','1980-05-05',1,'四川雅安','18383571006'),('T07','潘浩','男','1972-06-01',0,'四川雅安','18383571007'),('T08','周志','男','1970-01-25',1,'四川雅安','18383571008'),('T09','成铃','女','1989-08-30',0,'四川雅安','18383571009'),('T10','刘大明','男','1971-02-15',1,'四川雅安','18383571010'),('T11','刘成功','男','1976-07-24',0,'四川雅安','18383571011'),('T12','王凤','女','1972-07-05',1,'四川雅安','18383571012'),('T13','古洪明','男','1973-01-19',0,'四川自贡','18383571013'),('T14','周源彬','男','1973-10-05',1,'四川自贡','18383571014'),('T15','刘旭','男','1987-09-29',0,'四川自贡','18383571015'),('T16','陈胜','男','1976-07-06',1,'四川自贡','18383571016'),('T17','周雨','女','1972-01-01',0,'四川南充','18383571017'),('T18','李华','女','1974-12-25',1,'四川南充','18383571018'),('T19','钱其实','女','1988-03-05',0,'四川南充','18383571019'),('T20','张九州','女','1982-12-17',1,'四川南充','18383571020'),('T21','唐音','女','1991-12-05',0,'四川南充','18383571021'),('T22','沈周','女','1990-05-05',1,'四川南充','18383571022'),('T23','洪世贤','男','1985-02-22',0,'四川南充','18383571023'),('T24','林品如','女','1986-02-21',1,'四川绵阳','18383571024'),('T25','孔孟','男','1986-07-09',0,'四川绵阳','18383571025'),('T26','施主','女','1989-09-10',1,'四川绵阳','18383571026'),('T27','严格','男','1973-03-01',0,'四川绵阳','18383571027'),('T28','金三胖','男','1978-08-01',1,'四川绵阳','18383571028'),('T29','张飞','男','1979-07-05',0,'四川绵阳','18383571029'),('T30','关羽','女','1990-02-14',1,'四川绵阳','18383571030');

/*Table structure for table `论文表` */

DROP TABLE IF EXISTS `论文表`;

CREATE TABLE `论文表` (
  `编号` char(9) NOT NULL DEFAULT '',
  `论文题目` char(10) DEFAULT NULL,
  `作者` char(10) DEFAULT NULL,
  `学号` char(10) DEFAULT NULL,
  `导师` char(10) DEFAULT NULL,
  PRIMARY KEY (`编号`)
) ENGINE=InnoDB DEFAULT CHARSET=gbk;

/*Data for the table `论文表` */

insert  into `论文表`(`编号`,`论文题目`,`作者`,`学号`,`导师`) values ('S01','C语言的应用','廖绍民','201700001','李军'),('S02','C语言的应用','阮傢月','201700002','李强'),('S03','C语言的应用','冯琦珈','201700003','张勇'),('S04','python的应用','谭浩强','201700004','刘旭'),('S05','C++的应用','李侨敏','201700005','李强'),('S06','C语言的应用','施秀萍','201700006','刘旭'),('S07','C语言的应用','季俪楠','201700007','周源彬'),('S08','C语言的应用','荣丽珲','201700008','李强'),('S09','C语言的应用','陈君兰','201700009','李强'),('S10','C语言的应用','石忆萌','201700010','孔孟');

/*!40101 SET SQL_MODE=@OLD_SQL_MODE */;
/*!40014 SET FOREIGN_KEY_CHECKS=@OLD_FOREIGN_KEY_CHECKS */;
/*!40014 SET UNIQUE_CHECKS=@OLD_UNIQUE_CHECKS */;
/*!40111 SET SQL_NOTES=@OLD_SQL_NOTES */;
